SMILES,MO-REWARD,DOCK-REWARD,QED,SA
CC1(C)C2CC=C(CN3CCC(F)(F)CC3)C1C2,8.07973032493118,4.53,0.6798788408376089,4.366915208292519
Cc1c(NC(=O)CN2CCCCCC2)cccc1NC(=S)N1CCCCC1,10.081654290520614,5.48,0.7638999282441451,2.081997559471157
c1ccc(COC2CCCCO2)cc1,9.466759612479304,4.49,0.7327362290975915,2.211951788479628
O=C1C(CN2CCCCC2)CCC1CN1CCCC1,9.436085380356444,5.16,0.777252289351315,3.172610515993501
O=c1c2[nH]cc(-c3ccccc3)c2nc(S)n1Cc1ccccc1,8.205934050049468,5.05,0.4432822740571209,2.3909141226713366
c1ccc(C(N2CCCC2)N2CCOCC2)cc1,9.567640457116749,4.31,0.8121966661145352,2.6029441379369143
C1=CCC(CN2CCOC[C@H](OC3CCCCO3)C2)CC1,8.932713291957908,5.01,0.7460193330976421,3.7228365754577
CC1(c2ccccc2)CC(C)(c2ccc(O)cc2)C1,10.109507603304294,5.01,0.8394595963727024,2.357309611158769
c1ccc(OCC(CN2CCSCC2)N2CCOCC2)cc1,9.470664840075536,4.59,0.7954605978744581,2.8441488057284925
O=C1C=C(N2CCC(COCC3CO3)CC2)CC(c2ccccc2)C1,9.465782775632402,5.88,0.7456394541885232,3.372412383385954
C1=CCC(CN2CCCCC2)CC1,8.463116092424931,4.35,0.5891519714161824,2.696525069448894
O=C1NC(=O)c2cc(CC3SCCCS3)ccc21,9.88139714159986,5.14,0.8439289784596244,2.922741165636886
Cc1cccc(N2CCN(CN3CCCCC3)CC2)c1,10.543427465128492,5.51,0.8378400895774512,1.90413430908114
CS(=O)(=O)[C@H]1CSCCN1C(=O)C(=O)C1CCCCC1,9.412342440472552,5.79,0.7280637410521733,3.246931593583525
C1CN(CN2CCC(NC3CC3)CC2)CCO1,9.773133944010231,4.87,0.7727093457194584,2.2822579664559406
CC1(C)C2CCC1(C)C(Nc1ccccc1)C2,9.034652127105854,4.76,0.7963526588973475,3.797201191752652
O=C1C(CN2CCCCC2)CCC1CN(CC1CC=CCC1)CC1CC=CCC1,7.700558425567346,5.14,0.532628001249099,4.210104963303119
OC1COC(COc2ccccc2)C1OCc1ccccc1,9.539030405724974,3.78,0.8897914169292611,2.957440741629025
O=c1/c(=C/c2ccccc2)sc2nc([C@H]3COc4ccccc4O3)nn12,8.833488915043622,6.14,0.5463195693601843,2.959084408534867
C(=NC1CCCCC1)c1ccccc1,9.074651789049522,4.59,0.6288446823010493,2.087130036241588
CC1(C)C2CC=C(CN3CCOCC3)C1C2,8.336823201517005,4.92,0.6634925308017477,4.029889274371344
O=C1C(CN2CCCCC2)CCC1CN1CCCCC1,9.552519798611648,5.28,0.789408477901766,3.153701678719054
c1ccc(CN2CCN(Cc3ccccc3)CC2)cc1,10.510847558680297,4.63,0.8391317089059869,1.3168462076283287
CCc1ccccc1N1CCN(CN2CCCCC2)CC1,10.0874506679079,4.39,0.8429455445194571,1.9650398983478023
CCc1ccc(-c2noc([C@@H]3CCCN(S(=O)(=O)c4ccc(C5CC5)cc4)C3)n2)cc1,9.11482528852444,6.4,0.5564398106611329,2.717660879966873
OCC(CN1CCCCC1)(CN1CCCCC1)CN1CCCCC1,9.83029445403195,5.1,0.7726790812190744,2.347309629661762
C1CCN(CCN2CCCCC2)CC1,9.498860001673927,4.37,0.6806167622154841,1.592688356800739
C[C@@]12CCCO[C@H]1CCN(C(=O)C1CCCCC1)C2,9.315061872067892,5.67,0.72921115136496,3.349659352157337
CC(=O)C1(Cc2ccccc2)CCCCC1=O,9.348173885879577,4.76,0.7480537944802873,2.774658114298377
O=C1OC2(CCN(CN3CCCCC3)CC2)CN1Cc1ccccc1,10.132640701319747,5.69,0.8421476678715464,2.8481276958693904
C1CCC(NC2CCN(CCN3CCOCC3)CC2)CC1,10.345817911145188,5.37,0.8354696587893469,2.148318345706896
OC(C1CCCCCCC1)C(O)C1CCCCCC1,9.448490789295333,4.94,0.7584125384092794,2.8147926157547705
O=c1[nH]c2cc(S)ccc2cc1CN(CCN1CCOCC1)CC1CC=CCC1,7.926321279913472,4.45,0.5401462275985492,3.3369636485491823
CC1=C(C(=O)Oc2ccccc2)[C@@H](c2ccc(CNC3CC3)cc2)C2=C(CC(C)(C)CC2=O)N1,8.390088126898778,6.03,0.4649298480052016,2.975453394111605
Cc1ccc(N2C(=O)C[C@]3(CC(C(=O)O)=NN3)C2=O)cc1,9.078324851278406,4.99,0.768490049992204,3.637051353782823
c1ccc(COCC2CCCCC2)cc1,9.66976883620996,4.27,0.7248366318552879,1.5952131188039171
Nc1ccccc1CCc1cccc2ccccc12,9.572866601621048,4.59,0.6893522500150456,1.6975453720959468
Cc1ccc(C(N)c2ccccc2)cc1,9.988486704229324,4.8,0.786395916701585,1.94915067988428
C1=CCC(CN2CCN(CCN3CCCCC3)CC2)CC1,9.379486148699012,5.09,0.7204953272707667,2.7154214166262527
c1ccc(C(NC2CCCCC2)(c2ccccc2)c2ccccc2)cc1,9.311011506457698,5.68,0.5696351466340158,1.928569745097958
OC1(C(Sc2ccccc2)Sc2ccc(CN3CCNCC3)cc2)CCCCCC1,7.45800289428489,5.37,0.3415626464727807,3.1178083914708594
OC1([C@@H](Sc2ccccc2)Sc2nc(C(F)(F)F)nc3ccccc23)CCCCCC1,6.634991499811028,5.32,0.1916876330571613,3.2745796353687746
C1CCC(NC2CCCCC2)CC1,9.457008568978884,4.45,0.6893241362582988,1.8095261594892769
O=C(C1CCCCC1)N1CCCCCCC1,9.575443896291816,4.86,0.6672385583064452,1.696189719210853
NC1CCN(CCN2CCOCC2)CC1,9.29981559407799,4.28,0.7013149123163335,2.08467997195077
Cc1ccc(C(=O)N2CC3(C[C@@H](OC4CCCCO4)CS3)C2)cc1,9.496990728453572,5.71,0.841380510290274,4.048066976762021
CN1CCC(O)(C=CC2(O)CCCCC2)CC1,9.163704217507616,5.36,0.7208096655185925,3.325341581840556
CC1(C)C2CC=C(CN3CCN(Cc4ccccc4)CC3)C1C2,9.139123395886587,5.03,0.7806455931306696,3.6624539708886736
C1CCN(CN2CCN(CCN3CCOCC3)CC2)CC1,9.397500719030946,4.23,0.7294039433992463,2.1168216424101924
Cc1ccc(C(=O)c2ccccc2)cc1C,10.056317562089523,5.34,0.6928341090210298,1.384911552271408
C1CCCC(N2CCNCC2)CCC1,9.435737752905736,4.69,0.6898954668956359,2.034550915362468
NC1CCN(Cc2ccccc2)CC1,9.829708588650517,4.17,0.7673840885879759,1.6032531935720638
CC1(C)COC(c2coc3ccccc3c2=O)OC1,9.892229823376256,5.48,0.7906994718855979,2.678364328139901
C1=CCC(CN2CCCN(c3ccccc3)CC2)CC1,9.948416429381853,5.61,0.7749883395574613,2.529114250926181
OC(c1ccccc1)(c1ccccc1)C1CCCCC1,10.620428662065756,5.34,0.8667076031723235,1.8920646871776192
O=C(CN1c2cccc3cccc(c23)S1(=O)=O)N1CCN(CC2CC=CCC2)CC1,9.789474378162904,6.82,0.707078122352726,3.123438642119088
O=C(CN1CCCCCC1)Nc1nnc(C2=COCCO2)o1,10.180706805998286,4.94,0.8942913586556662,2.664796966654212
Cc1c(S(=O)(=O)NC2CC2)c(NC(=O)C2CCCCC2)n(C(C)C)c1C,10.051013461931491,5.86,0.789241972507026,2.652527511441683
O=C1CCCC1=Cc1ccccc1,9.111371474892117,4.88,0.595164746991269,1.9326612074987053
C1=CCC(CN2CCCC2)CC1,8.321307396723947,4.31,0.5680140856017076,2.742175401557965
O=C1CS[C@@]2(C(=O)N(Cc3ccccc3)c3ccccc32)N1c1ccccc1,9.084142508929748,5.36,0.6784740910500107,3.093499615206821
Cc1cccc([C@@H]2CN(C(=O)C3CC=CCC3)CCO2)c1,9.508307091441823,5.24,0.7806538370845539,3.127808737307566
Nc1ccc(-c2cccc(N3CCNCC3)c2)cc1,10.16935313449699,4.93,0.8072226586499148,1.8949668006673743
C1COC(COC23CC4CC(CC(C4)C2)C3)C1,8.560343232086197,4.8,0.7491581404637913,4.291779704012503
O=C(Cc1ccc(COCCN2CCNCC2)cc1)N1CCCC1,9.900875357929577,5.04,0.7645733109906893,2.097018502798252
CC1(C(=O)O)CCC(C(=O)Nc2ccccc2)C1(C)C,10.143647071757629,5.18,0.890128364380069,2.876817019875072
C1CCN(CCN2CCCCC2)CC1,9.446860001673928,4.24,0.6806167622154841,1.592688356800739
Cc1cccc(C2=CCCCCC2)c1,9.139462530512665,4.76,0.6116112817604757,1.9380092911330389
Cc1cccc(Nc2ccccc2)c1,9.920250592481953,4.24,0.7474617027382865,1.3066854637409175
CCc1ccc(Nc2cccc(C)c2)cc1,10.233991699442862,4.62,0.7976979898288019,1.455547472003852
c1ccc(COC2COC3C(OCc4ccccc4)COC23)cc1,9.555020332694008,5.11,0.8177577533276499,3.2766566561475825
O=c1/c(=C/c2cc(S)ccc2OC2CC3C4C=CC3C2C4)sc2nc3ccccc3n12,6.989118462092026,6.79,0.3777714084080324,5.387845559249742
COc1ccc(Cc2ccccc2)cc1,9.938894849800636,4.31,0.7349962840650784,1.2120387132095125
O=C(C1CCCCC1)N1CCC(NC2CCCCC2)CC1,10.821698761091325,6.12,0.863470555661372,2.070549823906114
C1CCC(=NN=C2CCSCC2)CC1,8.361766903263664,4.66,0.6095603310956622,3.302730036241589
C1CSC(CC2COCCO2)SC1,8.417416138014044,4.26,0.7079027452137169,3.78346944814712
C1CCN(CCN2CCOCC2)C1,8.997338253681608,3.99,0.6318120821083834,1.808799513322436
Cn1c(=O)n(Cc2ccccc2)c(=O)c2ccc(C3CC3)nc21,9.9374669497983,5.4,0.7436562665022444,2.110155867648391
c1ccc(C(C(c2ccccc2)N2CCCC2)N2CCCC2)cc1,9.732280227191032,5.08,0.7903106458415382,2.6747703865906587
S=C(NC1CCCCCC1)N[C@@H]1COC[C@@H]1Cc1ccccc1,8.778101337109616,4.85,0.6536637935325443,3.06153413471237
CC1=CC(C)(C)Nc2ccc(P(c3ccccc3)c3ccccc3)cc21,9.277724295267191,5.78,0.6468050005142338,2.7605119510021225
COC(C(O)c1cccc(C)c1)P(=O)(c1ccccc1)c1ccccc1,8.952845530675,5.38,0.6706213913265957,3.284007151923734
C1CSC(CC2COCCO2)SC1,8.409416138014045,4.24,0.7079027452137169,3.78346944814712
c1ccc(CN2CCCCCC2)cc1,9.669426678065811,4.31,0.6908286449853035,1.319782783494336
C1CSC(CC2COCCO2)SC1,8.509416138014045,4.49,0.7079027452137169,3.78346944814712
O=C(C1CC=CC1)N1CCN(C(=O)C2CC=CCC2)CC1,9.434256927279876,5.52,0.7290485771319923,3.0122054555381617
Cc1ccc(CSCc2ccccc2)cc1,9.89408954191052,4.45,0.7457468539532771,1.4978037944972673
Cc1ccc(C(O)c2ccccc2)cc1C,10.087875983335705,4.91,0.8086764717545962,2.045820777036921
O=C(C1CC=CC1)N1CCC(Oc2cccc(SC3CCCC3)c2)CC1,9.601197797789084,6.06,0.6778700228303377,2.643584334618506
Cc1ccc(CN2CCN(CCOCCN3CC3)CC2)cc1,8.539415498278785,4.06,0.5341870206322501,1.8412791264175272
C1CCN(CCN2CCCCC2)CC1,9.422860001673929,4.18,0.6806167622154841,1.592688356800739
Oc1ccccc1Cc1ccccc1Cl,10.14231704046304,4.39,0.816231000088792,1.6217345499309277
CN1C(=O)CCC[C@]12CCCN(C(=O)C1CC=CCC1)C2,8.61668781163721,5.27,0.6955495297536818,4.056156120963367
S=C(Nc1ccccc1N1CCCC1)N1CCCCC1,10.007638126607269,4.17,0.8399901051560642,1.923089459015948
CN1C(=O)c2ccccc2C(=O)[C@@]2(C)CN(C(=O)C3CCCCC3)C[C@H]12,9.827637834968812,6.3,0.7791272435078187,3.310324251003846
COc1ccc(CN2CCN(CC3CCCCC3=O)CC2)cc1,9.99205528815489,4.88,0.8357358603774622,2.446519078106739
c1ccc(COc2ccc(COC3CCCCO3)cc2)cc1,9.778718464751172,4.56,0.7951202545303675,2.2409851693648566
CC(C(=O)c1cccc(C2OCC(C)(C)CO2)c1)N1CCCCC1,9.587908935121687,5.17,0.7864531389371652,2.9782489970813213
O=c1c2ccccc2ncn1Cc1ccccc1,9.83008211485076,5.1,0.6846564361604989,1.5555039600993157
N#Cc1c2c(n3ccccc13)/C(=N\c1ccccc1)SCC(=CC=O)N2,7.997776164457218,4.71,0.5522782816292275,3.507174226305766
NS(=O)(=O)c1cccc(NC=C2C(=O)NC(=O)N(c3cccc4ccccc34)C2=O)c1,8.797182799476918,6.77,0.4226785698904655,2.38688937999497
O=C(Cc1ccccc1)NS(=O)(=O)c1ccccc1,11.193772557724458,5.66,0.9239966583505898,1.5726463794219523
O=C(NS(=O)(=O)c1ccccc1)c1cccc(Cl)c1,11.279512128201128,5.67,0.9458569831814582,1.6161276082560114
O=C(NS(=O)(=O)c1ccccc1)Oc1ccccc1,10.9366015024317,5.06,0.932758101603345,1.68369509737067
O=C(NS(=O)(=O)c1ccc(Cl)cc1)c1cccc(Br)c1,11.157125129385996,6.12,0.896985869508621,1.743263207978849
O=C(NS(=O)(=O)c1ccc(Cl)cc1)c1ccc(Cl)cc1,11.457128263444192,6.18,0.9404563126472024,1.616991319866962
O=C(NS(=O)(=O)NCc1ccccc1)c1ccccc1Cc1ccc(C2CC2)cc1,9.478946976020666,6.31,0.5800021235424981,2.179493531843736
O=C(OC1CCCC1)c1cc2ccccc2oc1=O,9.15058859364496,4.89,0.6135823353496975,2.0323874050629787
O=S(=O)(NC1CC1)c1ccccc1,10.15589670869798,4.66,0.7890957181592139,1.554555134624211
O=S(=O)(Nc1ccccc1)c1ccc(Cl)cc1,11.043144267510204,4.99,0.9286051887563116,1.3940511972251723
O=C(NS(=O)(=O)c1ccccc1)c1ccccc1,11.149200155560834,5.5,0.916032289394034,1.4645403128697438
O=S(=O)(Nc1cccc(Cl)c1)c1ccccc1,11.047965805971744,5.11,0.9286051887563116,1.475010812609785
O=C(Cc1ccccc1)NS(=O)(=O)c1ccccc1,11.053772557724455,5.31,0.9239966583505898,1.5726463794219523
O=C(NS(=O)(=O)c1ccc2c(c1)COc1ccccc1O2)c1ccccc1,10.588113530662309,6.98,0.7510361358180432,2.141612352370565
O=C[C@@]1(Cc2ccccc2NS(=O)(=O)c2ccc(Br)cc2)CCCN(C(=O)OCC(Cl)(Cl)Cl)C1,7.394659299243784,5.75,0.3256949960898985,3.378768778726992
O=C(NS(=O)(=O)c1ccccc1)C1CCCCC1,10.977643329094686,5.52,0.9115295945891524,1.7606851092498346
Cc1ccccc1NS(=O)(=O)c1ccc(Cl)cc1,11.17706163918112,5.37,0.936520734982348,1.499196041376532
O=C(NCc1ccc(Br)cc1)c1ccccc1,11.156333982763972,5.27,0.9221549822599252,1.3337686226568817
O=C(NS(=O)(=O)c1ccc(Br)cc1)c1ccccc1,11.203048123967845,5.61,0.9341066629961864,1.608744734525969
O=C(NCS(=O)(=O)c1ccccc1)c1ccccc1,10.988613496160768,5.23,0.9258227085590096,1.6512540717296442
O=C(NCCCN1C(=O)c2cccc3cccc1c23)c1ccccc1,9.760004204705243,4.85,0.7264914652709317,1.8759153036160503
CS(=O)(=O)Nc1ccc(OCc2ccccc2)cc1,10.97031209623994,5.14,0.9137213129202326,1.5091566358322073
O=C(NS(=O)(=O)c1ccccc1)C1CCC(NS(=O)(=O)c2ccc(Br)cc2)CC1,9.951497216955572,6.84,0.6329736921059942,2.1677059471622524
O=C(NS(=O)(=O)c1ccccc1)C1CCCCC1,11.093643329094686,5.81,0.9115295945891524,1.7606851092498346
O=C(NS(=O)(=O)c1ccccc1)C1CCCCC1,10.957643329094688,5.47,0.9115295945891524,1.7606851092498346
NS(=O)(=O)c1ccc(NS(=O)(=O)c2ccccc2)cc1,10.80409336720916,5.28,0.8822778654420603,1.6428257254613676
O=C(NS(=O)(=O)c1ccccc1)c1ccccc1Cl,11.132526932264987,5.28,0.9458569831814582,1.599224850636272
O=S(=O)(O)NC1CCN(CC2CC=CCC2)CC1,8.67072971338819,5.29,0.5968172512833702,3.0812370489474725
NS(=O)(=O)c1ccc(NS(=O)(=O)c2ccc(F)cc2)cc1,10.798770424183031,5.39,0.8801715820722054,1.7163496933066629
O=S(=O)(Cc1ccc(ON=Cc2ccccc2)cc1)Nc1ccc(Cl)cc1,8.716473131065928,5.85,0.4615633208133741,2.1981827665717493
NS(=O)(=O)Nc1ccccc1-c1ccccc1NC(=O)Oc1ccccc1,8.959791976925523,4.34,0.6251987850473918,2.082179108691168
O=C(Oc1ccc(C2CC2)cc1)N1CCCC1,10.027682189084231,4.74,0.7820835037885772,1.7918474295642604
O=S(Nc1ccccc1)c1ccc(Cl)cc1,10.04439776847342,4.47,0.8892426649143256,2.522438168341269
O=C(NCS(=O)(=O)c1ccccc1)c1ccccc1,11.080613496160767,5.46,0.9258227085590096,1.6512540717296442
O=C(NS(=O)(=O)c1ccc(Br)cc1)c1cccc(Cl)c1,11.204498332183196,6.25,0.896985869508621,1.7519384527340949
O=C(Oc1ccccc1)N(CC1CCC1)C[C@@H]1CCCO1,9.774371863651394,4.59,0.8328742035881223,2.611420587946736
O=C(NS(=O)(=O)c1cccc(NS(=O)(=O)c2ccccc2)c1)c1cccc(Br)c1,9.408708827353678,6.31,0.5452659020120574,1.998564066820372
C=S(=O)(NS(=O)(=O)c1ccc(Br)cc1)c1ccc(NC(=O)CBr)cc1,8.219762391033855,5.62,0.4622430832844998,2.9631332663720187
O=C(NN=C1CCCC1)c1cnn2c(C(F)F)cc(-c3ccc(CCBr)cc3)nc12,7.817460738633908,5.15,0.4052544466271744,2.85205113470599
Cn1c(=O)ccc2ccccc21,8.734799659957288,3.92,0.5711216662473267,1.7023456338060257
O=C(NS(=O)(=O)c1ccccc1)C1CCCC1,10.887413125016543,5.52,0.8910781879162866,1.7458040818405571
O=C(NS(=O)(=O)c1ccc(Br)cc1)C1CCCCC1,11.145490171208,6.07,0.9154453696206624,1.893714255570961
O=C(NCS(=O)(=O)c1ccccc1)c1ccccc1,11.036613496160768,5.35,0.9258227085590096,1.6512540717296442
O=S(=O)(NCc1ccc(Cl)cc1)c1ccc(F)cc1,11.232441170939095,5.52,0.9432413900653666,1.5683453150774938
O=C1c2cccc(OCCNS(=O)(=O)c3ccccc3)c2CCN1Cc1ccccc1,8.950918497105336,5.3,0.5502968078100317,2.1446990882177808
Cc1ccc(OC(=O)Oc2ccc(OCc3ccccc3)cc2)cc1,8.502541140931365,4.46,0.4778840610907834,1.7036919105707415
O=C(NS(=O)(=O)c1ccccc1)[C@H]1CCCN(C(=O)NS(=O)(=O)c2ccc(Cl)cc2)C1,9.895297588709257,7.0,0.6653932164825188,2.684855969512812
CNC(=O)c1ccccc1,9.148223433070388,3.78,0.6122319116423771,1.1921682677744148
O=C(C1CC1(c1ccccc1)c1ccccc1)N1CCN(C2CCCCCC2)CC1,9.628516256223646,6.26,0.682071656801782,2.780176930796701
O=C(NS(=O)(=O)c1ccccc1)c1ccccc1,11.177200155560833,5.57,0.916032289394034,1.4645403128697438
O=C(NS(=O)(=O)c1ccccc1)N1CCCC1,10.61811164961069,5.26,0.8614564061810923,1.7891483126097878
O=S(=O)(NS(=Cc1ccccc1)c1ccccc1)c1ccccc1,9.826643712241305,6.75,0.7017219145518019,2.953040270513773
O=C(c1ccccc1F)N(Cc1ccccc1)Cc1ccccc1,9.487500417394106,4.49,0.669116878975532,1.6004886281658417
O=C(NS(=O)(=O)c1ccccc1)OC(c1ccccc1)c1ccccc1,10.226689997508371,5.91,0.7424654705324284,1.93964548946366
Cc1ccccc1NS(=O)(=O)c1cccc(NS(=O)(=O)c2ccccc2F)c1,9.51609751261637,5.42,0.6354797333059186,1.9416347635975733
O=C1COc2cc(CNS(=O)(=O)c3ccccc3)ccc2N1,10.83009086793711,5.76,0.8944472281389066,2.063604675868076
O=C(Nc1ccccc1)Oc1ccccc1,10.411369894090775,4.53,0.8307179584207265,1.3526430743663358
O=C(NS(=O)(=O)c1ccccc1)c1ccccc1,11.125200155560831,5.44,0.916032289394034,1.4645403128697438
O=C(NNc1ccccc1)c1ccc(N2CCCC2)cc1,10.481189578499944,4.98,0.8466452865420967,1.7025771191914745
O=C(NS(=O)(=O)c1ccccc1)Sc1ccc(N2CCOCC2)cc1,10.785449194995318,6.77,0.8247439333188653,2.2774781592535653
O=C(c1ccccc1)N(Cc1ccccc1)Cc1ccccc1,10.18383518792976,5.95,0.6777878812597344,1.467899953969308
O=S(=O)(c1ccccc1)N(c1ccccc1)c1ccc(CCl)cc1,9.538108955892572,5.96,0.6055258795207319,2.035778623388012
O=S(=O)(NCCNS(=O)(=O)c1ccc(Cl)cc1)c1ccccc1,10.151401898238014,5.82,0.7197643499419781,1.809000590281528
O=c1c2nnc3ncnn3c2ccn1-c1ccccc1,8.632966928404095,5.5,0.5084188293461349,2.5139564733575384
O=S(O)c1ccccc1,8.355264868041019,3.7,0.5993284544819122,2.5028344627602994
O=C(NS(=O)(=O)c1ccccc1)C1CCCC1,10.859413125016545,5.45,0.8910781879162866,1.7458040818405571
NS(=O)(=O)OCc1ccc([C@H]2C3=C(CCCC3=O)O[C@H]3CCCC(=O)[C@@H]32)cc1,9.861515291975202,6.67,0.8221263377849906,3.91129586761141
O=C(NS(=O)(=O)c1ccc2ccccc2c1)c1cccc(Br)c1,10.760549742649262,7.11,0.7416167004172012,1.831019536287444
O=C(NS(=O)(=O)c1ccccc1)Oc1ccccc1,11.1046015024317,5.48,0.932758101603345,1.68369509737067
O=C(c1ccccc1)N(Cc1ccccc1)Cc1ccccc1,9.80383518792976,5.0,0.6777878812597344,1.467899953969308
O=C(NC1(c2ccc(CBr)cc2)CCOCC1)C(Br)(Br)Br,8.453330849315302,5.07,0.5634765661693729,3.0237937530581647
NS(=O)(=O)c1cccc(C2=CCCCCC2)c1,10.724975932620092,5.8,0.8780746061670253,2.143341581840556
O=C(NS(=O)(=O)c1ccccc1)c1ccccc1,11.145200155560833,5.49,0.916032289394034,1.4645403128697438
O=S(=O)(NCc1ccc(Cl)cc1)c1ccccc1,11.443292612747983,6.02,0.93661588011647,1.4883692721457606
O=C(NCS(=O)(=O)c1ccccc1)c1ccccc1,11.052613496160768,5.39,0.9258227085590096,1.6512540717296442
O=S(=O)(NCc1ccc(Cl)cc1)c1ccccc1,11.423292612747984,5.97,0.93661588011647,1.4883692721457606
O=C(NS(=O)(=O)c1ccc(Cl)cc1)Sc1ccccc1,10.643359943993724,5.56,0.8758811695049451,2.096630630556273
O=C(COc1ccccc1)NS(=O)(=O)c1ccc(Br)cc1,10.747966298832615,5.35,0.8770812386469837,1.7537943375116996
O=S(=O)(N=C(NS(=O)(=O)c1ccccc1)c1ccccc1)c1ccccc1,9.125939997608818,5.96,0.5264501188602407,2.096913574225633
O=C(Nc1ccccc1)OC1CCCCC1,10.274822072439036,4.66,0.825350746531333,1.6578653329588064
O=C(NS(=O)(=O)c1ccccc1)C1CCCCC1,11.037643329094688,5.67,0.9115295945891524,1.7606851092498346
C=S(=O)(NS(=O)(=O)c1ccccc1)c1ccccc1,10.461046721230648,5.86,0.8725047687375705,2.633080316330668
O=c1c(-c2ccc(CBr)cc2)coc2cc(CBr)ccc12,9.03497545279607,5.72,0.5547174677566017,2.341878235816784
O=C(NS(=O)(=O)c1ccccc1)c1cccc(Br)c1,11.214538864171038,5.73,0.9341066629961864,1.6771995966449804
O=C(c1ccccc1)N(Cc1ccccc1)Cc1ccccc1,10.11983518792976,5.79,0.6777878812597344,1.467899953969308
O=C(c1ccccc1)N(Cc1ccccc1)S(=O)(=O)c1ccccc1,9.98037241700563,5.6,0.7039025105539193,1.82192431309972
NC(=O)Oc1ccc(OC(=O)Nc2ccc(N3CCCCC3)cc2)cc1,10.49649255448668,5.12,0.8710715673388071,1.998720566386737
CC(=O)Nn1ccc2c(cnc3c(-c4ccccc4)cnn32)c1=O,9.202072729838644,5.77,0.6107010526045353,2.569923104993362
NCc1cc(C2=CCCCCC2)ccc1Cl,10.008112892360636,4.87,0.8191216218538957,2.259382923508868
O=C(NS(=O)(=O)c1ccccc1)c1ccccc1,11.129200155560833,5.45,0.916032289394034,1.4645403128697438
O=S(Nc1ccccc1)c1ccc(Cl)cc1,10.08839776847342,4.58,0.8892426649143256,2.522438168341269
O=C(NS(=O)(=O)c1ccccc1)N1C(=O)c2ccccc2S1(=O)=O,10.920923112342972,7.11,0.8446983686616412,2.458054482311695
O=C(c1ccccc1)N(Cc1ccccc1)Cc1ccccc1,10.14783518792976,5.86,0.6777878812597344,1.467899953969308
O=C(NCc1ccc(C2SCCCS2)cn1)C(=O)NNS(=O)(=O)c1ccc(Cl)cc1,7.989285019910906,5.28,0.4230155361290707,2.787230412828688
O=C(c1ccccc1)N(Cc1ccc(Br)cc1)S(=O)(=O)c1ccccc1,9.789518152272246,6.54,0.5999819514928513,1.9494910279252
NS(=O)(=O)c1ccccc1,9.355227112838731,4.22,0.638363783266887,1.369223212829359
O=C(NS(=O)(=O)c1ccccc1)c1ccccc1,11.129200155560833,5.45,0.916032289394034,1.4645403128697438
O=S(=O)(NC1CCCCO1)c1ccc(Br)cc1,10.499433982944348,5.45,0.929296763420063,2.7647321527599136
O=S(=O)(c1ccccc1)C1CC1(Cl)Cl,9.263183744324378,4.56,0.7561729217469806,2.857086775114615
O=C(NS(=O)(=O)c1ccc(-c2ccc(Br)cc2)cc1)N1CCC[C@@H](c2nnc3ccccn23)C1,8.827067582905203,7.67,0.4131783806700669,2.920353708083349
O=S(=O)(c1ccc(Cl)cc1)N1CCCCC1,10.55424673197515,5.31,0.8184898655677146,1.5596961676560248
Cc1ccccc1NC(=O)CC#N,9.45331646282853,3.71,0.7433611583894033,1.7477820577011336
Cn1cnc2cc(NS(=O)(=O)c3cccc(Cl)c3)ccc2c1=O,10.439297153675668,6.09,0.7868100762350788,2.0751085229738333
O=C(Nc1ccc(F)cc1)N1CCC(N2CCNCC2)CC1,10.481573905100957,5.14,0.8746257111560997,2.073680328340604
O=CN(C1CC1)C1CCN(S(=O)(=O)c2ccc(Cl)cc2)CC1,10.101013875676788,5.9,0.7700208250870143,2.4157864088891525
CC(C)NC(=O)c1ccc(Cl)cc1,10.112387529640202,4.45,0.775681171545376,1.3579039258330037
NC(=O)c1ccccc1NC(=O)CCOc1ccc(Cl)cc1,10.322747841730932,4.38,0.8589179627389572,1.6601094614051188
Cc1cc(NS(=O)(=O)c2ccc(NC(=O)CCl)cc2)ccn1,10.43421119211029,5.66,0.8184427334339475,2.046838615698736
O=C(CN1CCCC1)Nc1ccc(Cl)cc1,10.566411409296096,4.48,0.8770789633837889,1.441689278023917
O=C1CN(CC(=O)c2ccc(Cl)cc2)CCN1,10.186306930856292,5.02,0.8154317051585418,2.004559851071326
O=C1CC[C@@]2(CCCN(C(=O)N3CCNCC3)C2)CN1CCc1ccccc1,9.485527598058544,4.55,0.866801613136334,3.4283502718672345
O=C(CN1CCCCCC1)Nc1ccc(Br)cc1,10.90088168373707,4.87,0.9290668576770662,1.5749485620865895
O=S(=O)(CC(CN1CCNCC1)N1CCOCC1)c1ccc(Cl)cc1,9.724275759574,5.57,0.7757094242039684,2.925867768634463
Cc1ccc(NC(=O)CCC(=O)Nc2ccccc2)cc1,10.632945493422175,4.55,0.8831609698101173,1.4241759281244768
CC(C)C1ON1C(C)c1ccc(COc2cccc(C=O)c2)cc1,8.137500524026159,4.88,0.5598537388996937,3.4408701675481925
COc1cccc(NC(=O)COc2ccc(NC(=O)CCOc3ccc(C)cc3)cc2)c1,8.43063893610243,4.29,0.4931056166959531,1.8480025450715207
O=C(NS(=O)(=O)c1ccccc1)c1cccc(Cl)c1,11.239512128201126,5.57,0.9458569831814582,1.6161276082560114
Cc1nn2c(nnc3c(=O)n(Cc4ccccc4)ccc32)c1-c1ccc(C2NCCN2)cc1,8.5951252438469,6.54,0.4494369730079778,2.834072924858864
NC(=O)c1ccccc1NC(=O)Cc1ccc(Cl)cc1,10.993627950360075,5.34,0.907540575593173,1.559812773413416
COc1ccc(CN(CCO)S(=O)(=O)c2ccccc2)cc1,10.117863997038665,4.19,0.8453746059301362,1.779876458923729
O=S(=O)(c1ccccc1)N(CCCO)S(=O)(=O)c1ccccc1,9.895179759942597,4.46,0.8114904268996631,2.0949517922046024
CC(=O)c1cccc(NC(=O)O[C@@H]2CN(C(=O)N3CCNCC3)CC(=O)N(C3CCCCC3)C2)c1,9.015730531036208,5.85,0.6334446190788082,3.184006826016379
CC(NS(C)(=O)=O)c1ccc(CC(=O)NC2CCN(C(=O)N3CCNCC3)CC2)cc1,8.791745565312777,5.57,0.5815028589670412,2.926502795741916
CC(=O)N(CC#CCNC(=O)c1ccc(Cl)cc1Cl)c1ccc(Cl)cc1,10.012192670447169,5.85,0.7593504675656181,2.4487929510021225
O=C(NCCO)c1cccc(Cl)c1,9.597018224139662,3.54,0.765118256098453,1.54665513462421
O=C(NS(=O)(=O)c1ccc(Cl)cc1)c1cccc(Cl)c1,11.381170557150488,6.08,0.9404563126472024,1.6844120191676597
COc1ccc(NS(=O)(=O)c2ccc(NC(C)=O)cc2)cc1,10.8297340120881,5.23,0.8860327702777906,1.5910436598349271
O=C(Cl)N1CCN(C(=O)Cc2ccc(Cl)cc2)CC1,9.391367469354662,5.27,0.6214303292309219,1.9365589580383045
CC(=O)c1cc2cc(-c3coc4cc(NC(=O)CCBr)ccc4c3=O)ccc2o1,7.819590099816813,5.66,0.3336071209454328,2.585732651352372
CC(=O)c1c(NC(=O)C2CC2)sc2c1CCCCC2,9.491099675831835,5.18,0.6779026472832842,2.1903119333648657
CN1C(=S)N[C@@H](c2ccccn2)[C@@H]1c1cccn1-c1ccc(NC(=O)CI)cc1,7.231697808710103,6.04,0.3061218859148598,3.725663581902296
Cc1ccc(OCCn2c(CNC(=O)CC#N)nc3ccccc32)cc1,9.317235083990171,4.28,0.7117631840622907,2.1460528740790448
NC(=O)c1cccnc1,8.486426362600065,3.21,0.5772627921564857,1.690815699533248
COc1ccc(NS(=O)c2ccccc2)cc1,10.310908036178777,4.92,0.9018376163473032,2.473585979290526
CCC(=O)c1cc(O)cc(O)c1,8.829582519829938,3.73,0.6570841493090307,2.1557901191001445
CC(=O)N1CCN(C(=O)Cc2ccnc(N3CCOCC3)c2)CC1,10.50749966878061,6.37,0.7883608733567986,2.171185981247543
O=C(Nc1ccc(Cl)cc1Cl)N1CCN(S(=O)(=O)N2CCOCC2)CC1,10.696925976622442,6.75,0.8029992208352149,2.232756781349858
Cc1ccc(NC(=O)CN2CCN(CCOc3ccccc3)CC2)cc1,10.285761340975052,4.67,0.8311318735657202,1.6968843477632554
O=C(NCc1ccc(Cl)cc1)C1CCC(=O)N1S(=O)(=O)c1ccccc1,10.237711465915472,5.45,0.846009734160734,2.505878608855096
Cc1cc(Cl)ccc1NC(=O)C(CO)NC(=O)Cc1ccccc1,9.432733861585472,4.2,0.7506774377787783,2.219720949536242
OCc1ccc(Cl)cc1Cl,9.297677824848186,3.84,0.697990302684811,1.7287668025729488
CCNC(=O)Sc1ccc2ccccc2n1,9.7843328873795,4.56,0.8090558599465936,2.3558785756827803
O=C(O)N1CCN(S(=O)(=O)c2cc(Cl)ccc2Cl)CC1,10.82892614073288,5.63,0.8937100856448942,1.961654256929899
O=C(Cc1ccc(Cl)cc1)NS(=O)(=O)c1ccc(Cl)cc1,11.364645382587325,6.26,0.9273035218742536,1.7320216045170511
Cc1c(Cl)cccc1NC(=O)NC(=O)Cc1ccccc1,10.766367815389131,4.92,0.9108347923189872,1.7005734770162633
O=C(C=Cc1ccc(Cl)cc1Cl)N1CCN(S(=O)(=O)c2cc(Cl)ccc2Cl)CC1,9.307294858139269,6.1,0.5719229371531672,2.27112857536738
Cc1ccc(Cl)cc1NC(=O)CC(=O)Nc1cc(Cl)ccc1Cl,10.13428758057039,5.44,0.7492333794571938,1.821311201545262
COc1ccc(CC(=O)Nc2ccc3n(c2=O)C[C@H]2C[C@@H]3CN(CC(O)CN3CCCCC3)C2)cc1,8.368139640780523,6.14,0.5858131076573113,4.187056142452321
O=C(CN1CCOCC1)N1CC[C@@]2(CCCN(Cc3ccccc3)C2=O)C1,9.54643265945868,5.15,0.8020376674614449,3.181277770667976
O=C(Cc1ccc(Cl)cc1)NS(=O)(=O)c1ccc(F)cc1,11.285777612970085,5.94,0.9382242838405996,1.7381855302464917
O=C(Cc1cccc(Br)c1)NS(=O)(=O)c1ccccc1,11.102652956109912,5.8,0.9177331477617516,1.79212403714968
O=C(CBr)N1CCN(C(=O)N2CCN(S(=O)(=O)c3ccc(F)cc3)CC2)CC1,9.233034995335846,5.52,0.6035379613379593,2.259901035786923
O=C(CNC(=O)C(Cl)Cl)N[C@H]1CCN2C(=O)c3cc(N4CCNCC4)ccc3NC(=O)[C@@H]2C1,7.709412513772323,5.55,0.4270860027979668,3.551125561858596
O=C(CC(=O)Nc1ccc(CC(=O)N2CCCC2)cc1)Nc1ccc(F)cc1,10.103921097843727,5.4,0.7530806823979103,1.882874083124204
CS(=O)(=O)N1CCN(S(=O)(=O)c2ccc(CN=Cc3cc(Cl)ccc3O)cc2)CC1,9.736857072710958,6.56,0.6475354182424944,2.491211752849404
O=C(Nc1ccccc1Cl)[C@H](CS)N(C(=O)c1ccccc1)c1ccc(Cl)cc1,8.155391462975377,4.7,0.487196056552397,2.618405515892741
O=Cc1cn2c(nc1=O)[C@]1(CCN(C(=O)N3CCNCC3)C1)CC2,8.525592595938162,5.26,0.6964069096620678,4.227176069574555
CCN1C(=O)C(=Cc2ccc(C(N)=O)cc2)c2ccccc2C1=O,10.120680832228595,6.34,0.6959719934186293,2.042471380339043
O=S1(=O)CC(Cl)(Cl)C(Cl)(Cl)C1,7.835506311505279,4.15,0.6201872140866539,4.0026105927074855
NC(=O)c1ccccc1NS(=O)(=O)c1ccc(Cl)cc1,10.93965875756196,5.33,0.9071897926280312,1.6503479632236058
COc1ccccc1NC(=O)c1ccc(Cl)cc1,10.961433379523315,4.82,0.9167564433304106,1.3131204033674797
Cc1ccc(Cl)cc1NC(=O)CC(=O)c1cccc(Cl)c1,9.502178199124646,4.84,0.6646570761594938,1.795329562076731
O=Cc1ccc(NC(=O)CN2CCN(S(=O)(=O)c3ccc(I)cc3)CC2)cc1,8.864281185039909,5.96,0.4723716547994192,2.1008176712449416
CCc1c(C)noc1-c1cnc(NC(C)=O)nc1-c1cnc(C)cn1,9.72922830139686,5.47,0.7790441531354259,2.8715943130997186
O=C(CN1CCNCC1)c1cccc(Br)c1,10.202357601173103,4.58,0.8540054345175857,1.9916284084587
O=C(NS(=O)(=O)c1ccc(Cl)cc1)N1CCOCC1,10.770093018635478,5.57,0.886580348417691,1.9627987258176969
O=C(NCc1ccncc1)c1ccc(CN2CCNCC2)cc1,10.742924178312297,5.55,0.876771843245538,1.910463754874285
O=C(N1CCNCC1)N1CCN(C(=S)Cc2ccc3nc(C4CC4)oc3c2)CC1,9.84605117609808,5.66,0.7787904026619862,2.7927676687739726
O=C(c1ccccc1NS(=O)(=O)c1ccc(F)cc1)N1CCN(N2CCNCC2)CC1,9.94535358085886,6.2,0.716826948001888,2.453904567906632
CCOc1ccc(NC(=O)Cn2c(=O)cnc3ccccc32)cc1,10.008235596542582,4.77,0.782492452510108,1.8544903290736308
O=C(CC(=O)Nc1cccc(Cl)c1)NCc1ccccc1Cl,10.26722754410554,4.87,0.8186789429172899,1.7695588410577248
Cc1ccc(NC(=O)CC(=O)NCCn2ncc(-c3cnccn3)c2-c2cccs2)cc1,7.815776685654177,4.86,0.4033603088731733,2.6206614942569786
NCc1cccs1,8.149983998054038,3.09,0.5816466374135061,2.271099740370234
Cc1nn2c(ncc3c(=O)n(-c4ccccc4)ccc32)c1-c1ccccc1,8.7932967155431,5.89,0.4823009034594104,2.2707767894913804
O=C1CCN(CC(=O)c2ccc3c(c2)OCCCO3)CC1,10.08781527454945,5.36,0.7926896353297502,2.23955307818753
O=C(NS(=O)(=O)c1ccc2ccccc2c1)c1cccc(Br)c1,10.684549742649262,6.92,0.7416167004172012,1.831019536287444
CC(=O)N1CCc2[nH]cnc2C12CCN(C(=O)N1CCNCC1)CC2,8.904207650922341,5.28,0.6993651066964112,3.55889661478831
NC(=O)c1ccccc1NC(=O)COc1ccc(I)cc1,9.961376012536784,4.77,0.7622075669855047,1.7597880793630694
Cc1ccc(Cl)cc1NC(=O)Cc1ccc(S(N)(=O)=O)cc1,10.969691073821124,5.64,0.8969922527163904,1.7347595110329106
O=C(NCc1ccc(Cl)cc1Cl)c1ccc(Cl)cc1,10.757900732598006,5.04,0.8826661717486604,1.5529316721166797
O=C(O)C1CCCN1S(=O)(=O)c1ccc(Cl)cc1,10.371177454143504,4.6,0.9165375814277218,2.252880506330426
Cc1ccc(NC(=O)C=Cc2ccc(Cl)cc2)cc1,10.75034636222566,5.72,0.8287432664820733,1.5917899691655428
O=C(CN1CCN(CC(=O)c2cccs2)CC1)c1ccccc1,9.702064903213843,4.35,0.763836176466554,1.945653894673029
NC(=O)C1CCN(C(=O)[C@@H]2CC(=O)Nc3ccc(CI)cc32)CC1,8.54949980473851,5.51,0.5534839285188985,3.083543222785382
COC(=O)c1ccc(NC(=O)N2C[C@@H]3CC[C@H](C2)C(=O)N3CC2CC2)cc1,9.741992834217816,6.05,0.8242248232790671,3.6892868453532
Cc1c(Cl)cccc1NC(=O)C1CCN(S(=O)(=O)c2ccc(Br)cc2)CC1,10.24272019683527,6.29,0.7162227889038801,1.958404731068789
O=C(CN1CCNCC1)N1CCN(C(=O)N2CCN(CC#Cc3ccccc3)CC2)CC1,9.506407717642505,5.83,0.6641325997687053,2.5251789273386542
O=C(NCc1ccccc1I)[C@@H]1CCCN1S(=O)(=O)c1ccc(CCO)cc1,8.684759308962988,5.3,0.5558165797386764,2.6934255133424863
O=C(c1ccc(Cl)cc1NS(=O)(=O)Cc1ccc(Cl)cc1)N1CCCC1,10.073956849652152,4.96,0.8002824440757302,2.033872903583786
CCC(O)c1ccc(-n2nc3c(C=O)cn(-c4ccccn4)cc-3c2=O)cc1,8.383302494939551,5.3,0.5426552676642551,3.1402052309666377
O=S(=O)(c1ccc(Cl)cc1)N1CCNCC1,10.49577338975895,5.03,0.8609092867940401,1.841108475348332
O=C(NS(=O)(=O)c1ccc(Br)cc1)N1CCCC1,10.835725291175606,5.53,0.8994879701735068,1.925906810607298
O=Cc1ccc(COCCn2c(=O)[nH]c3ccccc3c2=O)cc1,8.892330063801134,5.09,0.5528183762213033,2.1197465163646
COc1cccc(NC(=O)COc2ccc(Cl)cc2Cl)c1,10.468371553941989,4.14,0.9026682743566988,1.600817805569065
Cc1ccc(C=NC2CCN(Cc3ccc(Cl)cc3)CC2)cc1NS(C)(=O)=O,9.987464526491372,6.28,0.7166386159465009,2.433251556347182
O=c1ccc2ccccc2o1,8.674702289593046,4.22,0.5302216682110639,1.6719282209126138
CC(=O)NCc1cc2n(n1)CCN(C(=O)c1ccc(C)c(C)c1)C2,10.917852323007033,5.9,0.934958993147872,2.3686578326926586
O=C(CCl)N1CC[C@H]2Nc3ccc(Cl)cc3[C@@H]2C1,9.481041122270044,5.09,0.8045698482298036,3.2816765298119
CC(=O)c1cccc(NC(=O)CC(=O)Nc2cc(C)ccc2C)c1,9.649676385029991,5.36,0.6529660230821595,1.8035509858082008
O=S1(=O)CC[C@H](NCC(O)COCc2ccccc2)C1,9.003410184396733,3.95,0.7592435952427109,2.914298261440525
O=c1[nH]c(CSc2nnc(C3CCCCC3)o2)nc2ccccc12,9.77073177415598,5.66,0.7286317509006233,2.4825636815631498
Oc1cccc(Oc2ccc(Br)cc2)c1,10.580661019313048,4.59,0.8904022747523116,1.6173810615588362
Oc1ccc(CCc2ccccc2)cc1,10.206510100635168,4.36,0.8026943331171439,1.3570425593633555
Cc1cccc(C=Cc2ccc(Sc3ccccc3)cc2)c1,9.018552838275063,5.62,0.5083185128158924,1.8800800435772889
Fc1ccc(COc2cccc(C=Nc3ccc(Cl)cc3)c2)cc1,8.891886342823494,5.0,0.5374807233300981,1.9150396171768325
C(=Cc1ccc2ccccc2c1)c1ccccc1,9.37750503560773,5.71,0.5427203912891733,1.5841615798380673
O=c1c2cc(C=Cc3ccccc3Cl)ccc2nc2n1CCC2,9.65626101949282,5.87,0.6637648066997605,2.270893848748805
Clc1ccc(COc2ccccc2)cc1,10.077859671354652,4.37,0.7589532326114423,1.2120922097130062
Cc1ccc(O)c(Cc2ccccc2F)c1,10.068790634509952,4.38,0.8149615546641744,1.7406715522714098
Oc1ccc(Oc2ccc(-c3ccc(Cl)cc3)cc2)cc1,9.761088746286005,4.82,0.6907706628326625,1.5298945662077053
CC(c1ccccc1)(c1ccccc1)c1ccccc1,9.396606261158698,5.13,0.577209372615185,1.4237476138641032
OC(c1ccccc1)(c1ccc(Cl)cc1)c1ccc(Cl)cc1,9.712958361307264,5.51,0.6484838883691992,1.7570580678716752
Fc1ccc(OCc2ccc(Cc3ccc(Cl)cc3)cc2)cc1,9.31504830852246,4.96,0.5884751895797875,1.5505611277384723
O=S(=O)(c1ccccc1)c1nnn2c1nc(N1CCCc3ccccc31)c1ccccc12,8.855776188246306,7.15,0.4175778178329863,2.5161200075350525
Cc1cccc(Cc2cccc(S)c2)c1,9.66792016945301,4.82,0.7206866310911004,1.9738293620955087
Fc1ccc(C=Cc2ccc(CCc3ccccc3)cc2)cc1,9.126242312006475,5.41,0.5239042221542985,1.6609336643765469
CC(c1ccccc1)(c1ccccc1)c1ccccc1,9.4006062611587,5.14,0.577209372615185,1.4237476138641032
Cc1ccc(C(C)(O)c2ccccc2)cc1,9.886885992148464,4.49,0.8097967193170834,2.117759238575383
O=C(c1ccc(CNc2ccccc2Cl)cc1)c1ccccc1Cl,9.4120319819848,5.46,0.582361961461629,1.6886976869331605
O=Cc1c(NC(=O)C(c2ccccc2)c2ccccc2)sc2c1CCCC2,9.42481174837571,5.93,0.6223363178376745,2.377004832334613
Cc1nn([C@H]2CCS(=O)(=O)C2)c(Cl)c1C=Cc1cccc(I)c1,9.163117041933134,6.05,0.6485098599806125,3.193244286200885
c1ccc(-c2ccccc2)cc1,9.310409062502616,4.19,0.5905018880213778,1.0
Cc1cccc(Sc2ccccc2)c1,9.519886755361922,4.19,0.701536685076867,1.6065424993881994
c1ccc(Nc2ccc(-c3ccccc3)cc2)cc1,10.035049289600336,5.27,0.6767612270323272,1.2276336252903146
O=S(=O)(c1ccccc1)N1CCCc2ccc(SCc3ccccc3)cc21,9.287658367078162,5.9,0.5627871368508638,2.07572479338622
O=C1CCC2(CCN(Cc3ccc(Cl)cc3)CC2)CN1Cc1ccccc1,9.747261244563196,5.33,0.761673315017184,2.576445001598664
O=P(c1ccccc1)(c1ccccc1)c1ccccc1,9.644758630547804,5.12,0.6716334239302234,1.8007783830948725
CP(Br)(c1ccccc1)(c1ccccc1)c1ccccc1,0.0,0.0,0.0,0.0
c1ccc(P(c2ccccc2)P(c2ccccc2)c2ccccc2)cc1,8.257115565064398,5.08,0.4254718352898241,2.15715483311267
OCc1ccccc1OCc1ccccc1,10.089769237108206,3.63,0.8475731406982941,1.432340946706761
Cc1ccc(C=Cc2ccccc2)cc1,9.540224802064872,4.89,0.6294339635140667,1.4444841677549665
Cc1ccc(P(c2ccccc2)c2ccccc2)cc1,9.483520956837598,5.38,0.6390605182243949,2.004942869949057
OCc1ccc(C=Cc2cccc(I)c2)cc1,9.496148908718183,5.07,0.6646433220796641,1.979010694870384
SC(c1ccccc1)(c1ccccc1)c1ccccc1,8.736660158750494,4.83,0.5098548907195163,1.82995621881847
Cc1ccc(C(c2ccccc2)c2ccccc2)cc1,9.405350947114208,5.32,0.5680846171330651,1.467728528358446
Cc1ccccc1OCc1cccc(Oc2ccccc2)c1,9.329270077525074,4.5,0.6289197522553055,1.5428963749382358
Cc1ccc(Cc2ccc(C(c3ccccc3)c3ccccc3)cc2)cc1,8.567414145332922,6.12,0.3492575638929643,1.6694165525374487
c1ccc(-c2ccccc2)cc1,9.286409062502614,4.13,0.5905018880213778,1.0
OC(c1ccccc1)c1ccccc1,10.022441807600142,4.45,0.7604808075139262,1.389748878375066
Oc1ccc(-c2ccc(Cl)cc2)cc1,10.029551675836236,4.52,0.7509633308761205,1.3432605856921391
Sc1ccc(OCc2ccccc2)cc1,9.861339176111942,4.26,0.7718240501817986,1.6514054964262943
Cc1ccccc1COc1ccc(Br)cc1,10.258007435115085,4.53,0.810655783144015,1.4596381074553566
CC(=O)c1ccc(Cc2ccc(CCl)cc2)cc1,9.15016384079536,4.65,0.5928238565479087,1.6663575074398782
OC(c1ccccc1)(c1ccccc1)c1ccccc1,9.902139476801397,4.84,0.7064013262217549,1.421100416993177
CP(Br)(c1ccccc1)(c1ccccc1)c1ccccc1,0.0,0.0,0.0,0.0
Nc1cccc(-c2ccccc2)c1,9.344603419339684,3.99,0.6524355721249985,1.343288737863077
Cc1ccccc1SCc1ccccc1,9.569787398074086,4.32,0.686856823696639,1.4783600418808405
Fc1ccc(C=Cc2ccccc2)cc1,9.41753499167968,4.5,0.6397431667700653,1.4748103915311894
C(=Cc1cccc(C=Cc2ccccc2)c1)c1ccccc1,9.22814541536004,5.7,0.5126094873274142,1.5857127321466535
Brc1cccc(C=Cc2ccc(I)cc2)c1,8.84628331933856,5.49,0.4912164920227912,1.9516672044453216
Cc1cc(Cl)ccc1COc1ccccc1,10.09173672738869,4.62,0.7697642129028006,1.4708715522714098
Cc1ccc(C(c2ccccc2)c2ccccc2)cc1,9.393350947114207,5.29,0.5680846171330651,1.467728528358446
Nc1ccc(Nc2ccc(SSc3ccc(Cl)cc3)cc2)cc1,8.30905993184863,5.46,0.4048381736778291,2.1590561908842822
BrCc1cccc(-c2ccccc2)c1,9.730723576516157,4.66,0.6957378833551683,1.5115342442287236
Nc1c(C=O)c2nc3ccccc3nc2n1-c1ccccc1,8.776401629514776,4.8,0.5754049646397479,2.322891626417526
OC(c1ccccc1)c1ccc(Cl)cc1,10.136153687364112,4.74,0.819124093346019,1.9218286763064607
Cc1ccc(OCc2ccccc2C)cc1,9.904247517171246,4.24,0.7497920321231073,1.3576641944118766
O=C(NCc1ccc(Cl)cc1)[C@]12C[C@H]3C[C@H](C[C@H](C3)C1)C2,10.072583542164187,5.44,0.89177521507903,3.219882794153417
c1ccc(C(c2ccccc2)c2ccccc2)cc1,9.475341112503331,4.96,0.5766946529262025,1.143987290392074
SC(c1ccccc1)(c1ccccc1)c1ccccc1,8.740660158750494,4.84,0.5098548907195163,1.82995621881847
OC(c1ccccc1)(c1ccccc1)c1ccc(Cl)cc1,9.821210388624902,5.12,0.6986637224968957,1.713204023800369
C(=Cc1ccccc1)c1ccccc1,9.427554079051534,4.54,0.6155243653321553,1.268055389767774
Clc1ccc(-c2ccccc2)cc1,9.623236735376285,4.57,0.6346172430604237,1.0954863087132818
O=C(c1cccs1)N1CCC[C@H](c2[nH]ncc2-c2ccc(Cl)cc2)C1,9.41960975206437,5.28,0.7176513452773261,2.757093822375243
O=C(c1ccccc1)c1ccc(Sc2ccccc2)cc1,9.665603126911012,5.5,0.6240360743882818,1.6183188065363885
N=C1C=CC(=C(c2ccccc2)c2ccc(Cl)cc2)C=C1,10.22262105127851,6.13,0.7774097753429234,2.4267735069391048
C[C@H](C(=O)c1ccccc1)N1C(=O)c2ccccc2[C@H]1c1c[nH]c2ccccc12,8.88820080571761,6.76,0.5075266769580905,2.9723635819022967
Brc1cccc(COc2ccccc2Cc2ccccc2)c1,9.241839026238528,5.01,0.5785490919157763,1.6359936530447443
O=P(c1ccccc1)(c1ccccc1)c1ccccc1,9.652758630547806,5.14,0.6716334239302234,1.8007783830948725
Cc1ccc(SCc2cccs2)cc1,9.418658970126064,4.36,0.6929810841033243,1.846844187943546
O=c1c2cc3c(cc2nnn1Cc1ccccc1)OCCO3,9.96375539688069,5.79,0.7183480991131691,2.1255915228672304
Cn1c(=O)c2cccnc2n(C)c1=O,8.636092374054789,4.08,0.5706501058929745,2.003177751684042
Clc1ccc(Sc2ccc(Cl)cc2)cc1,9.815974759805384,4.72,0.7150652190950023,1.570634297219927
Brc1ccc(C(c2ccccc2)c2ccccc2)cc1,9.346917716555511,5.52,0.5480782590717551,1.5472336131042077
Cc1ccccc1-c1ccc(OCc2ccccc2)cc1,9.535709550490685,4.79,0.6317745817821028,1.399015828868894
Cc1ccc(C(O)c2cccc(S(=O)(=O)c3ccc(C)cc3)c2)cc1,10.22595825062338,6.19,0.7648267014143469,2.3522685928102867
c1ccccc1,7.992616185116951,2.67,0.4426283718993647,1.0
CCCC(=O)Nc1ccc(S(=O)(=O)N2CCN(C(=S)Cc3ccc(Br)cc3)CC2)cc1,9.315487558052912,6.34,0.5536658897308449,2.2714538362283925
COc1ccc(C(=O)CN2C(=O)C(=O)N(Cc3cccs3)C2=O)cc1,8.11279888747882,4.47,0.4475323475801568,2.1687932141986206
CSc1ccc(S(=O)(=O)Nc2ccccc2C(C)(C)C)cc1NC(C)=O,9.994948815837306,5.78,0.7365518012740335,2.2234371817713523
COc1cc(O)cc(C=Cc2ccc(Cl)cc2)c1,10.172787752470828,4.6,0.8373578351303729,1.912243480290556
N#Cc1c(N2CCN(C(C#N)c3ccccc3)CC2)nc(-c2ccco2)c2c1CCCC2,9.095193961944853,6.28,0.6155516427693607,3.196476106277652
Cc1ccccc1C=CC(=O)c1ccccc1,9.29788741904709,5.26,0.5684464850439214,1.6274794546820015
O=C(c1ccc(Cc2ccccc2)cc1)c1ccoc1,9.65734790879215,5.31,0.6624812945671366,1.8373043221189465
Oc1ccc(OCCOc2ccc(F)cc2)cc1,9.7489471310117,3.16,0.8265751670821605,1.529900633092506
Cc1ccc(P(c2ccc(C)cc2)c2ccc(C)cc2)cc1,9.635899736881491,5.81,0.6303470760849654,1.9633116781118929
Cn1nc(C2CCCC2)nc1-c1cc2ccccc2[nH]1,9.936015324931494,5.63,0.7696789445505343,2.5195817667082565
Cc1ccc(C=Cc2ccccc2-c2ccc(C)cc2)cc1,9.146937926385515,5.75,0.5065924944365364,1.7213238379559872
O=C1Nc2ccccc2C1=CI,8.707459136737585,4.98,0.5694770059611706,2.533807172267565
O=P(Cc1ccccc1)(Cc1ccccc1)c1ccccc1,9.143520894279137,5.11,0.6010554633150273,2.09789749306187
O=[PH](Cc1ccccc1)Cc1ccccc1,9.3159780507251,4.76,0.7267361470812466,2.643166478621655
Cc1ccc(C=Cc2cccc(F)c2)cc1,9.496385604294614,4.78,0.6507602651567517,1.636119378358366
c1ccc(C(c2ccccc2)c2ccccc2)cc1,9.475341112503331,4.96,0.5766946529262025,1.143987290392074
c1ccc(P(c2ccccc2)c2ccccc2)cc1,9.51561018558576,5.05,0.6342115735160806,1.6536350636714268
Nc1ccc(C(c2ccccc2)c2ccccc2)cc1,9.149702761091133,5.12,0.5455522619940762,1.5942776809008166
c1ccc(CSC(c2ccccc2)(c2ccccc2)c2ccccc2)cc1,8.141847957381938,5.36,0.3340117421604535,1.76014075935295
c1ccc(-c2nnc3sc(-c4ccsc4)nn23)cc1,8.92242322415518,5.24,0.5648121208895291,2.2837655427148
O=S(c1ccccc1)c1ccccc1,9.640910373346138,4.6,0.7314977186859931,1.9567725181499256
Oc1ccc(Oc2ccccc2)cc1,9.791695683820269,3.56,0.7799941267858638,1.3305177339097725
Clc1cccc(COc2ccccc2)c1,10.01438162939661,4.33,0.7589532326114423,1.3011135383843353
Cc1cccc(C(=O)NS(=O)(=O)c2ccc(Cl)cc2)c1,11.348068672720684,5.88,0.9479380820623226,1.6638139772096192
Cc1cc(NS(=O)(=O)c2ccccc2)ccc1NS(=O)(=O)c1ccccc1,9.900381792572118,5.92,0.6589114621047926,1.8069872978704105
Cc1ccccc1S(=O)(=O)Nc1ccc(S(=O)(=O)NC(=O)C=Cc2ccccc2)cc1,9.332696442998358,6.47,0.5302845842624724,2.126255427740329
Cc1cccc(S(=O)(=O)NC(=O)NS(=O)(=O)c2ccc(F)cc2)c1,10.948370203605002,6.63,0.8454477660365868,2.053335762569901
Cc1cc(C)c(S(=O)(=O)NC(=O)c2ccccc2)c(C)c1,11.311105428214503,6.01,0.9479833448891534,1.831027426100185
O=c1c2ccsc2[nH]c(=S)n1-c1ccc(F)cc1,9.30157339184442,4.79,0.6938257332276243,2.3964814893403314
O=C1CCCc2cc(NC(=O)C3CC3)ccc2N1,10.446403852803249,5.38,0.8383237836347704,1.9929068287068468
CCc1ccccc1NC(=O)CC(=O)Nc1ccccc1C,10.39389398642555,4.95,0.8293110439589384,1.6877481710825393
Cc1ccccc1C(=O)NS(=O)(=O)c1ccccc1,11.241059984015855,5.7,0.932805045789208,1.593257942073139
Cc1ccc(S(=O)(=O)NC(=O)c2ccccc2F)cc1,11.162326987325567,5.48,0.9437570491201586,1.6744503408459828
Cc1ccc(S(=O)(=O)Cc2ccccc2)cc1,10.621351974347848,5.2,0.8340263456295386,1.4912021587636346
Cc1ccc(S(=O)(=O)NC(=O)c2cccc(C)c2)cc1,11.368303396814374,5.96,0.943513556341748,1.6460531380487795
Cc1ccc(S(=O)(=O)NC(=O)NS(=O)(=O)c2ccccc2)cc1,10.838915072599368,5.98,0.8617213719204955,1.9175265861606456
C=CS(=O)(=O)Nc1ccc(F)cc1,9.664717022602137,3.91,0.8087408781835075,2.089823486272561
Cc1ccc(CNc2ncnc3c2oc2ccccc23)cc1,9.365220227811406,5.5,0.6107643175886267,2.0620909311512534
Nc1cccc(S(=O)(=O)Nc2ccccc2)c1,10.33106478319591,4.83,0.8166373474728847,1.601489658763633
Cc1cccc(S(=O)(=O)NC(=O)c2ccccc2Cl)c1,11.285394770622784,5.82,0.9479380820623226,1.7363275436431849
Cc1ccc(S(=O)(=O)NC(=O)c2ccccc2)cc1,11.272003380242271,5.68,0.932805045789208,1.5202390741486091
Cc1ccccc1NC(=O)CNC(=O)c1cc2ccccc2oc1=O,9.77691078618558,4.99,0.7164820778058816,1.8591309761549724
CC(NC(=O)C(c1ccccc1)c1ccccc1)c1ccccc1,9.775894274002765,5.2,0.7265003969700549,2.108701808975312
Cc1ccc(S(=O)(=O)CC(=O)N(Cc2ccccc2)Cc2ccccc2)cc1,9.66564567613866,6.03,0.6096890721067908,1.886616006201125
Cc1ccc(NC(=O)c2coc3ccccc3c2=O)cc1,10.31046186889514,5.44,0.7821686762387801,1.7874020819706296
Cc1ccccc1S(=O)(=O)NC(=O)c1ccccc1,11.19479142088088,5.6,0.932805045789208,1.605011497951221
Cc1cccc(NS(=O)(=O)c2cccc(C)c2)c1,11.041907988853191,5.34,0.9224151091127474,1.603158502914992
Cc1ccc(S(=O)(=O)NC(=O)c2ccccc2)cc1,11.304003380242271,5.76,0.932805045789208,1.5202390741486091
NC(=O)c1cccc(C(=O)N2N=C(c3ccccc3)C[C@@H]2c2ccc3nccnc3c2)c1,9.04614024031926,6.54,0.5424947997952314,2.8259402475584707
Nc1ccc(S(=O)(=O)NC(=O)Cc2ccccc2)cc1,10.464595017400814,5.2,0.8309733665746457,1.7576446415452835
Cc1ccccc1NC(=O)c1cccc(C(=O)Nc2ccccc2)c1,10.59728443802227,6.26,0.7397856773255485,1.4831627746381812
Cc1ccc(S(=O)(=O)NC(=O)NS(=O)(=O)c2ccccc2)cc1,10.950915072599368,6.26,0.8617213719204955,1.9175265861606456
Cc1cccc(S(=O)(=O)NC(=O)c2ccccc2)c1,11.240425557310488,5.72,0.932805045789208,1.6094474921457067
Cc1ccccc1NC(=O)Cc1ccccc1,10.738624389220275,4.97,0.8536451800989715,1.2753858911027225
Cc1ccc(NS(=O)(=O)c2ccc(F)cc2)cc1,10.988015036194769,4.97,0.9270598208986534,1.4685101952226844
Cc1ccc(NC(=O)CCc2ccccc2)cc1,10.71774063067668,4.77,0.867926870044909,1.2930781478854048
Cc1ccc(C(NC(=O)c2ccccc2)NC(=O)c2ccccc2)cc1,9.87094637751824,5.47,0.6907628830344844,1.8113414894636608
Cn1c(=O)n(Cc2ccccc2)c(=O)c2c1nc1n2CCCN1c1ccc(NC(=O)C2CC2)cc1,8.68711039405202,5.82,0.4841576296690533,2.4340866781739443
Cc1ccccc1CN(C(=O)c1ccccc1)S(=O)(=O)c1ccccc1,10.077205320883936,6.23,0.6859636251337998,1.9514126495468207
Cc1ccc(NC(=O)c2ccc(C=C[N+](=O)[O-])cc2)cc1,10.043303809620165,6.01,0.6887404386616649,1.874969304917176
Cc1nc2nc(-c3cccnc3)nn2c(N)c1C#N,8.962755456436932,4.3,0.6896914574057172,2.6270566358322096
Cc1ccc(S(=O)(=O)NC(=O)c2ccccc2)cc1,11.288003380242271,5.72,0.932805045789208,1.5202390741486091
Cc1cccc(NS(=O)(=O)c2ccccc2)c1C,10.921542204237806,4.99,0.9224151091127474,1.566344349068839
Cc1ccccc1NC(=O)CSc1nc2sc3c(c2c(=O)n1-c1ccccc1)CCCC3,8.244362199940518,6.38,0.3207685606604952,2.213737921055987
Cc1ccccc1C(=O)N(Cc1ccccc1)S(=O)(=O)c1ccccc1,9.904286900925516,5.76,0.6859636251337999,1.923134686968858
Cc1ccc(S(=O)(=O)Nc2ccccc2-c2ccccc2NS(=O)(=O)c2ccccc2)cc1,8.355478348950511,5.58,0.3787812692923508,1.9275095193489504
Cc1ccc(C(=O)NS(=O)(=O)c2ccc(NS(=O)(=O)Cc3ccccc3)cc2)cc1,9.550556587848856,6.2,0.5820932903307526,1.9815460107601688
NS(=O)(=O)c1ccc(CNC(=O)c2ccc(NS(=O)(=O)c3ccc(F)cc3)c(F)c2)cc1,8.781378683156847,5.65,0.4760446298244353,2.056816637500832
Cc1cccc(S(=O)(=O)NC(=O)c2ccccc2)c1,11.268425557310488,5.79,0.932805045789208,1.6094474921457067
Nc1ncnc2c1sc1nc(-c3ccc(C4CC4)cc3)cc(S(=O)(=O)O)c12,8.666074802850732,5.87,0.5058935922826074,2.7066520751983454
Cc1cccc(S(=O)(=O)NC(=O)c2ccccc2Cl)c1,11.325394770622784,5.92,0.9479380820623226,1.7363275436431849
Cc1ccccc1NC(=O)CC(=O)NS(=O)(=O)c1ccccc1,10.518659280175273,5.63,0.8171168493840347,1.8540654941276795
Cn1c(=O)c2c(ncn2CCOc2ccccc2)n(C)c1=O,9.201497828053023,4.03,0.7037903802781447,2.103804994903878
CC(NC(=O)C(c1ccccc1)c1ccccc1)c1ccccc1,9.839894274002765,5.36,0.7265003969700549,2.108701808975312
Cc1cc(NS(=O)(=O)c2ccccc2)ccc1C(=O)NS(=O)(=O)c1ccccc1,9.817869970305107,6.31,0.6249131249322568,1.9482119300682328
O=C(CCC(=O)NS(=O)(=O)c1ccc(I)cc1)N[C@H](c1ccccn1)[C@H]1C[C@@H](O)C1,7.753739551072424,4.94,0.4372289181453911,3.101798605047726
Cc1cccc(S(=O)(=O)NC(=O)N2CC[C@]3(CC(=O)NC3=O)C2)c1,9.71388970971845,6.81,0.7356952196361839,3.5152137710035616
O=C(NS(=O)(=O)c1ccccc1)c1ccccc1,11.149200155560834,5.5,0.916032289394034,1.4645403128697438
Cc1cccc(C(=O)NS(=O)(=O)c2ccc(Cl)cc2)c1,11.332068672720684,5.84,0.9479380820623226,1.6638139772096192
C=Cc1cccc(S(=O)Nc2cccc(S(=O)(=O)O)c2)c1,9.774205025635217,5.38,0.8287678986547065,3.16727666482633
Cc1ccccc1C(=O)NS(=O)(=O)c1ccc(N)cc1,10.592792927276122,5.42,0.8418725115515817,1.7803658653215066
O=C(O)c1ccc(S(=O)(=O)NC(=O)c2ccccc2F)cc1,10.715771175954648,5.11,0.8906715047634389,1.7564725879559866
Cc1cccc(C(=O)NS(=O)(=O)c2ccc(NS(=O)(=O)c3ccccc3)cc2)c1,9.980265867741007,6.65,0.6249131249322569,1.8987196223759264
Cc1ccc(NC(=O)c2cn(C)c3c(=O)n(CCC(=O)CCl)c(=O)[nH]c23)cc1O,8.212065174919477,4.63,0.522671943833887,2.778925291530962
O=C1c2ccccc2S(=O)(=O)c2ccc(Cc3ccccc3)cc2N1Cc1ccccc1,9.293268441969856,7.65,0.4352527291560615,2.229896233711072
Cc1ccc(S(=O)(=O)NC(=O)NS(=O)(=O)c2ccc(C)cc2)cc1,10.951074628586706,6.38,0.8532076278242782,1.9306037218184269
Cc1ccc(CC(=O)NS(=O)(=O)c2ccc(C)cc2)cc1,11.316766317098272,5.91,0.9427526776604092,1.6983372543844233
Cc1cccc(C)c1NS(=O)(=O)c1ccc(NS(=O)(=O)c2ccccc2)cc1,9.9151834747274,6.33,0.6372857584498582,1.8921028109348512
Cc1cccc(S(=O)(=O)Nc2ccc(S(=O)(=O)NC(=O)c3ccccc3)cc2)c1,9.8951376626128,6.45,0.6249131249322569,1.9083350069913096
Cc1cccc(C(=O)C=P(c2ccccc2)(c2ccccc2)c2ccccc2)c1,7.966719110491233,5.64,0.3448892604655582,2.396405012018961
Cc1ccccc1NC(=O)[C@@H]1CN(S(C)(=O)=O)CCN1C(=O)C=Cc1ccccc1,9.792047402704624,5.84,0.7408381618062436,2.687454576185022
COc1cc(CN(CCc2ccccc2)Cc2ccc(F)cc2)cc(OC)c1O,8.421239388459746,3.62,0.565480587797243,2.014501436813162
Cc1ccc(S(=O)(=O)NC(=O)c2ccccc2)cc1,11.316003380242272,5.79,0.932805045789208,1.5202390741486091
O=C(NS(=O)(=O)c1ccccc1)Oc1ccc2ccc(=O)oc2c1,9.902018832638102,5.52,0.7305899715717485,2.149024432949295
Cc1cccc(S(=O)(=O)NC(=O)Cc2ccccc2)c1,11.121488623477529,5.51,0.936559626082386,1.7087454657211083
Cc1ccc(S(=O)(=O)NC(=O)c2ccc(F)cc2)cc1,11.170977504808086,5.41,0.9437570491201586,1.6057306205662627
Cc1cccc(C(=O)NS(=O)(=O)c2ccc(Cl)cc2)c1,11.384068672720684,5.97,0.9479380820623226,1.6638139772096192
Cc1cccc(C(=O)NC(=O)Cc2ccc(CN3C(=O)c4cccc5cccc(c45)C3=O)cc2)c1,8.966702103615106,6.67,0.4445737999305935,2.1910977550970188
Cc1cccc(S(=O)(=O)NC(C(=O)O)c2ccccc2)c1,10.248831672584124,4.7,0.885806628705402,2.2807002722533856
Cc1ccccc1[C@H]1C[C@@H](C(F)(F)F)n2ncc(C(=O)NS(=O)(=O)c3ccc(Cl)cc3)c2N1,8.27099098109042,5.63,0.5471110117279956,3.6383910160074233
Cc1cccc(CP(=O)(c2ccccc2)c2ccccc2)c1,9.374945580540318,5.22,0.6482088326418642,2.1708565302636806
Cc1ccccc1S(=O)(=O)Nc1cccc(Cl)c1,11.032796285334967,5.17,0.936520734982348,1.619693579838069
Cc1ccc(C)c(NS(=O)(=O)c2ccc(F)cc2)c1,11.008477046918667,5.1,0.93713118717817,1.618286221631026
Cc1ccc(S(=O)(=O)Nc2cc(C)ccc2NS(=O)(=O)c2ccccc2)cc1,9.779513888928582,6.0,0.6372857584498582,1.8989832843076329
Cc1ccc(S(=O)(=O)Nc2ccc(NS(=O)(=O)c3ccccc3)cc2)cc1,9.974426480475096,5.98,0.6589114621047926,1.7131535080523257
O=S(=O)(Nc1cccc(NS(=O)(=O)c2ccc(Br)cc2)c1)c1ccc(F)cc1,9.512154335276492,6.42,0.5479552794468963,1.91130813637864
Cc1ccc(S(=O)(=O)Nc2c(C)c(C)c(NS(=O)(=O)c3ccccc3)c(C)c2C)cc1,9.248254325566933,6.09,0.5533143589784915,2.2068523703684253
CC(=O)CCn1c(=O)c2c(nc3n(-c4ccc(NC(C)=O)cc4)c(-c4ccccc4)cn23)n(C)c1=O,7.786671273581447,4.88,0.3983124503997328,2.6448034156323814
O=S(=O)(Nc1ccccc1)N1CC[C@H]2[C@H](C1)OCc1cnnn12,10.28743936143024,6.47,0.8952334841928665,3.620652555054101
Cc1cccc(S(=O)(=O)Nc2ccccc2)c1,10.921577989766948,5.06,0.9061288808931331,1.4722011972251714
Cc1cccc(C(=O)NS(=O)(=O)c2ccc(Cl)cc2)c1,11.344068672720685,5.87,0.9479380820623226,1.6638139772096192
Cc1ccccc1C(=O)NS(=O)(=O)c1ccc(F)cc1,11.073300973339556,5.25,0.9437570491201586,1.668874117069759
Cc1ccc(S(=O)(=O)CS(=O)(=O)c2ccccc2)cc1,10.924792346573586,6.11,0.8679284278679238,1.9098702009858428
Cn1c2c(c(=O)n(C)c1=O)C[C@]1(CCCN(C(=O)CCc3ccccc3)CC1)O2,9.51141526707751,5.79,0.784916199563568,3.572842170301781
Cc1ccc(NS(=O)(=O)c2ccccc2S(=O)(=O)Nc2ccccc2)cc1C,9.762678859342785,6.03,0.6372857584498582,1.953048964781006
Cc1cccc(S(=O)(=O)Nc2ccc(S(=O)(=O)NC(=O)NS(=O)(=O)O)cc2)c1,8.776695310491558,6.2,0.4630460023405672,2.361110313893432
CC(NS(=O)(=O)c1ccccc1)c1ccccc1,10.737109340050685,5.06,0.9194712270492174,1.938161030847926
Cc1cccc(NC(=O)Cc2ccccc2)c1,10.666954436316038,4.85,0.8536451800989716,1.31976705279817
Cc1ccc(S(=O)(=O)NC(=O)NS(=O)(=O)c2ccccc2)cc1,10.886915072599368,6.1,0.8617213719204955,1.9175265861606456
Cc1ccc(S(=O)(=O)N(Cc2ccccc2)C(=O)c2ccccc2)cc1,10.049923158721771,6.05,0.6859636251337999,1.8675667036008736
Cc1ccc(S(=O)(=O)NC(=O)C(c2ccccc2)c2ccccc2)cc1,10.591345333078245,6.62,0.750872177570331,1.8640770986112705
Cc1ccc(S(=O)(=O)N(C(=O)c2ccccc2)c2ccccc2)cc1,10.19004369530817,5.98,0.7129684436239008,1.795384063912287
Cc1cccc(NS(=O)(=O)c2ccc(NS(=O)(=O)c3ccccc3)cc2)c1C,9.827982527981836,6.08,0.6372857584498582,1.8681045860827807
Cc1ccc(OC(=O)c2sc3nc4n(c(=O)c3c2C)CCC4)cc1C,8.938262675056986,5.96,0.5215199406882454,2.404436950462358
Cc1ccc(C(=O)NS(=O)(=O)c2cccc(S(C)(=O)=O)c2)c(C)c1,11.14512588726036,6.55,0.8889578628533467,2.016009727066942
CC1(C)C(COC(=O)NS(=O)(=O)c2ccccc2)C1(Cl)Cl,9.919668874395075,5.26,0.8460282469389651,2.95987508295992
CCCc1ccc(C(=O)NS(=O)(=O)c2c(C)cc(C)cc2C)cc1,11.077567439734755,6.2,0.898872219816084,1.9694110288420887
CCCN1CCC([C@H](Cc2ccccc2)N(C)C(=O)C2C(C)(C)C2(C)C)CC1,8.961786399090487,5.05,0.6700950283974545,3.0150057572824265
Cc1ccc(S(=O)(=O)O)c(C)c1,9.343763392873129,4.29,0.6768471361971649,1.789567864137366
Cc1ccc(OS(=O)(=O)O)cc1C,9.75181090508083,4.74,0.7377127845876417,1.9097696142622205
CCN1CCC(c2nnc(Cn3cccn3)n2C)CC1,10.264650268486411,5.57,0.8420135907453302,2.509403063295947
Cc1ccc(C(=O)NS(=O)(=O)Cc2ccccc2)cc1,11.362771563572482,6.06,0.9386743411662708,1.6878723887980307
Cc1cccc(C(=O)NS(=O)(=O)c2c(C)cccc2C)c1,11.293524861412884,6.05,0.9479833448891534,1.893990988853222
Cc1ccc(NS(=O)(=O)c2ccc(S(C)(=O)=O)cc2)cc1C,11.255337949990926,6.04,0.927924830406047,1.7775648174214371
COC(=O)c1cccc(NS(=O)(=O)c2cccc(C)c2)c1C,10.7633263816418,5.46,0.8795685828713392,1.82988028026368
Cc1ccc(S(=O)(=O)NC(=O)OC(C)C)c(C)c1,10.538542820551408,4.85,0.9136511082151784,2.100592185402716
O=C1c2oc3ccccc3c(=O)c2[C@H](c2ccccn2)N1c1ccccn1,8.864806208072899,5.95,0.5511721704059511,2.8015378935168744
Cc1cccc(CSc2cccc(S(=O)(=O)O)c2)c1,9.746480041119964,5.34,0.6920304507676579,1.958623979808987
Cc1cccc(C(=O)NS(=O)(=O)Cc2ccccc2)c1,11.196942113023033,5.73,0.9386743411662708,1.75130260857825
Cc1ccc(S(=O)(=O)NC(=O)Cc2ccccc2)cc1,11.202517634466538,5.6,0.936559626082386,1.6243160701167143
Cc1ccc(NS(=O)(=O)c2ccc(C)c(C)c2)cc1C,11.271983286214246,5.88,0.9356811789877002,1.6961619492375917
Cc1cc(C)c(NS(=O)(=O)c2ccc(Cl)cc2)c(C)c1,10.950766587807998,5.28,0.9287892386146036,1.786415795391436
Cc1cc(C)c(NS(=O)(=O)c2ccc(NS(=O)(=O)c3ccccc3)cc2)c(C)c1,9.777093417043831,6.4,0.6125737907711054,1.981113959982764
Cc1ccc(NC(=O)OCC2C(C)(C)C2(Cl)Cl)c(C)c1,9.577237917644736,4.57,0.8221812975412234,2.869810582287128
C#CS(=O)(=O)c1ccc(C)cc1,8.122910059388335,4.38,0.4827661687683124,2.399439157561684
Cc1ccc(Cl)cc1C,8.566021976456264,3.56,0.5199540578637066,1.2882953149178658
Cc1cccc(C(=O)NS(=O)(=O)c2ccccc2)c1,11.09626300288378,5.34,0.932805045789208,1.594752281695779
Cc1ccc(C(=O)Cn2nc3ccc(Sc4cccc(C)c4)nn3c2=O)cc1,8.885989248594736,6.34,0.4876517394453958,2.482635813893431
Cc1cccc(C(=O)NS(=O)(=O)Oc2ccccc2)c1,10.97739615721762,5.45,0.935396131509008,1.923447388798032
Cc1ccc(S(=O)(=O)NC(C)c2ccccc2)cc1,10.86422005246822,5.3,0.9319031798474778,1.99171602024939
CCOC(=O)C(Cc1ccccc1)NS(=O)(=O)c1ccccc1,9.745554074412697,4.45,0.7880769414513298,2.1572785835381616
CC#COS(=O)(=O)c1ccc(NC(=O)C2C(C)(C)C2(C)C)cc1,9.490071382141462,6.12,0.6780274956269909,2.8983636191276805
CSc1ncnc2c1sc1nc3ccccc3cc12,7.914744591061977,5.14,0.3890056773024185,2.5159049874805604
O=C(NS(=O)(=O)c1ccccc1)C1CCCCC1,11.037643329094688,5.67,0.9115295945891524,1.7606851092498346
O=S(=O)(C=Cc1ccccc1)CS(=O)(=O)Oc1ccccc1,10.050450044527492,5.87,0.7561104295126412,2.362900032124722
O=C(Cc1ccccc1)NS(=O)(=O)c1ccc(Cl)cc1,11.259709591902489,5.69,0.942912804028062,1.6417597514353943
O=C(O)c1ccc(S(=O)(=O)Nc2cccc(F)c2)cc1,10.76138831223683,4.87,0.9063898834183964,1.632405865321509
Cc1ccc(NS(=O)(=O)c2cc(C)ccc2C)c(C)c1,11.028159696470656,5.34,0.9356811789877002,1.7483311800068222
Cc1cc(NS(=O)(=O)c2ccccc2)ccc1NS(=O)(=O)c1ccccc1,9.972381792572117,6.1,0.6589114621047926,1.8069872978704105
CCc1ccc(-c2c(C#N)cnc(-c3cnn(C)c3)c2C)cc1,9.579268297763058,5.09,0.7371988451586109,2.491161548121763
Cn1c2c(cc(C=O)c1=O)CCCC2,8.779656272941466,4.65,0.6228796189811295,2.631561059064918
Cc1ccc(C)c(Br)c1,8.688053918334433,3.48,0.5821421226780689,1.5591780072255563
CCc1ccccc1NS(=O)(=O)c1ccccc1,10.938474517900907,5.04,0.9190780228755162,1.5420624848154425
Cc1cccc(S(=O)(=O)NC(=O)c2ccccc2)c1,11.256425557310488,5.76,0.932805045789208,1.6094474921457067
CCc1cc(C)c(C=O)c(C)c1,8.635932163334024,3.96,0.6109020237569976,2.2757454075616845
CCc1ccc(C(=O)Nc2cccc(Cl)c2C)cc1,10.874599160536476,5.31,0.8786443819716903,1.5004260117393216
CCOC(=O)N[C@@H]1CC[C@@H](n2cnc3c(N(C)C)ncnc32)[C@H](O)[C@@H]1O,8.397277727302132,4.51,0.695506949094576,3.897166803159687
CCSc1nc2n(n1)[C@H](c1ccc(CC)cc1)C(C(=O)Nc1ccc(C)cc1C)=C(C)N2,8.147332915099593,5.4,0.4885319861423196,3.170538659469141
CC1(C)CC(=O)c2cc(S(C)(=O)=O)ccc2O1,10.27586197490272,6.26,0.7668112923263336,2.3290604279944027
CCn1cccc1[C@@H]1[C@H](c2ccccn2)NC(=S)N1C,9.3536730232203,4.55,0.8790007150043685,3.7853695165012535
Cc1cccc(NS(=O)(=O)c2cccc(C)c2)c1,11.053907988853192,5.37,0.9224151091127474,1.603158502914992
Cc1ccc(NS(=O)(=O)c2ccc(C(=O)O)cc2)c(C)c1,10.917715139295884,5.27,0.909482365332052,1.667125401808688
Cc1cccc(C(=O)NS(=O)(=O)c2c(C)cc(C)cc2C)c1,11.338936126434126,6.25,0.9461383792250212,1.942240175961203
Cc1cccc(S(=O)(=O)Nc2ccc(C)cc2Cl)c1,11.101681236798708,5.49,0.936967069931778,1.734551310388424
O=C(CBr)NS(=O)(=O)c1ccc(CC2CC3C=CC2C3)cc1,8.624004209775592,6.35,0.6272477058871019,4.237721459654684
Cc1cc(C)c(NS(=O)(=O)c2ccc(F)cc2)c(C)c1,10.86658528040518,4.94,0.9403204121079624,1.7930363082119491
O=C(c1cc(=O)c2ccccc2o1)N1CCC2(CC1)OCCc1ccccc12,9.473100679432148,6.41,0.653205055162126,2.92428172252386
Cc1cccc(S(=O)(=O)Nc2c(C)cccc2C)c1,11.063132353432811,5.46,0.9326629756408064,1.745593618080731
CCc1cccc(C(=O)NS(=O)(=O)c2cccc(C)c2)c1,11.37465085310293,6.16,0.944214166427958,1.790457148283629
CCc1cccc(C)c1NC(=O)c1ccc(C)s1,10.296223162072964,4.42,0.8798892317386612,1.928584656761145
O=C(Cc1ccc(S(=O)(=O)F)cc1)NS(=O)(=O)c1ccccc1,10.618071356823544,6.14,0.8158084793634145,2.03839252022658
Cc1cccc(NC(=O)C2C(C)(C)C2(C)C)c1,10.189077211380518,4.88,0.8272532233912985,2.000759239183214
Cc1cc(S(=O)(=O)Nc2ccccc2C)ccc1NC(=O)OC(C)C,10.668043564534866,5.87,0.8398526270734906,1.958591960158541
O=C(CSc1nnc2c3cc(-c4ccc([SH](=O)=O)cc4)nn3ccn12)NS(=O)(=O)Cc1ccccc1,7.545810255370766,7.17,0.2212331376617369,3.220204010135446
Cc1cccc(S(C)(=O)=O)c1,9.420179248515376,4.62,0.638064171257991,1.5447414503555876
Cc1ccc(NS(=O)(=O)Cc2ccccc2)cc1,10.786410336928212,4.7,0.919408844901378,1.5751602223720056
Cc1ccc(NC(=O)C(C)C)cc1,9.804948243548958,4.12,0.738732199397246,1.354311837920914
Cc1ccc(C(=O)NS(=O)(=O)c2cccc(C)c2)cc1,11.404900208003188,6.08,0.943513556341748,1.6674341170697584
Cc1cc(C)c(NS(=O)(=O)c2ccccc2C)c(C)c1,10.8614588417698,5.06,0.9356811789877002,1.8508952825709244
Cc1cccc(C(=O)SNC(=O)c2ccccc2C)c1,10.2712159234626,5.07,0.8586982348246966,2.2722542569299
Cc1cccc(C(=O)NS(=O)(=O)c2ccc(C(=O)Nc3ccc(C)cc3C)cc2)c1,10.314797321314645,7.17,0.6504329020707647,1.8911511411719248
Cc1ccc(NS(=O)(=O)c2cc(C)ccc2C)c(C(C)C)c1,10.662002464741231,5.13,0.8998117933606011,1.954551518855597
Cc1ccc(NS(=O)(=O)Cc2ccccc2)cc1,10.870410336928211,4.91,0.919408844901378,1.5751602223720056
O=C(NS(=O)(=O)c1ccc(F)cc1)c1ccccc1,11.15832668840568,5.42,0.9335864558413932,1.5454155618118897
Cc1ccc(NS(=O)(=O)c2ccccc2)cc1Cl,11.165917762258044,5.42,0.936520734982348,1.5575908106073015
Cc1ccccc1C(=O)NS(=O)(=O)c1ccccc1,11.225059984015855,5.66,0.932805045789208,1.593257942073139
CCc1ccccc1NC(=O)C1=CC(c2cccs2)=NS(=O)(=O)N1C,10.712940942639294,6.44,0.8924032610865739,2.774865082330489
Cc1ccc(C(=O)NS(=O)(=O)Cc2ccccc2)cc1,11.342771563572482,6.01,0.9386743411662708,1.6878723887980307
Cc1cccc(C(=O)NS(=O)(=O)c2cccc(C)c2)c1,11.258455676534654,5.8,0.943513556341748,1.732017613573257
CCCCCCOC(=O)Cn1c(=O)[nH]c(=O)c2c(-c3ccc4c(c3)OCO4)ccnc21,7.767268177662215,4.25,0.4359648600772058,2.5475559075781966
Cc1ccc(S(=O)(=O)O)c(C)c1,9.34776339287313,4.3,0.6768471361971649,1.789567864137366
Cc1cc(C)c(NS(=O)(=O)c2ccccc2)c(C)c1,10.892102294261216,5.0,0.9326629756408064,1.721274979027477
Cc1ccc(C(C)C)cc1NS(=O)(=O)c1ccccc1,11.211530873633896,5.86,0.9269361571360252,1.715805026160668
Cc1ccc(Cl)cc1NS(=O)(=O)c1cccc(C(=O)C(C)C)c1,10.869432030820631,6.64,0.8171992023152179,1.9546077630482763
Cc1ccc(C(=O)Nc2ccccc2NS(C)(=O)=O)c(C)c1,10.662252765707162,4.81,0.90985824621829,1.804500280263678
O=C(CCc1nnc(Cc2c[nH]c3ccccc23)o1)NS(=O)(=O)Cc1ccccc1,8.151961349884845,4.93,0.449005154595387,2.453618860324399
CCc1ccc(C)cc1NS(=O)(=O)c1ccc(NS(=O)(=O)c2cccc(C)c2)cc1,9.673813194970844,6.86,0.5624207395118831,2.068386915036616
Cc1cc(C)c(NS(=O)(=O)c2c(C)cc(C)cc2C)c(C)c1,10.689545351532018,5.16,0.915137481881404,2.0633398028101
N#CC(c1ccccc1)c1ccccc1,9.495071676999425,4.12,0.7171556172373198,1.7411411607619591
Cc1ccc(C(=O)NS(=O)(=O)c2ccc(F)cc2)cc1,11.326977504808086,5.8,0.9437570491201586,1.6057306205662627
C=Cc1cccc(C(=O)NS(=O)(=O)c2ccc(Cl)cc2)c1,11.232923535161126,6.07,0.9407807453050244,1.957795079318112
Cc1ccc(S(=O)(=O)NC(=O)c2cccc(C)c2)cc1,11.344303396814375,5.9,0.943513556341748,1.6460531380487795
CC1(C)C(C)(C)C1(Cl)C(N)=O,8.059366651875138,3.78,0.6037147565070127,3.157120336297231
Cc1cc(C)c(S(=O)(=O)NC(=O)Cc2ccccc2)c(C)c1,11.179411576185691,5.86,0.9427060753243944,1.917957972571372
Cc1ccc(NC(=O)C(=O)OCc2cc3cc(C)ccc3[nH]c2=O)c(C)c1,9.220527441374408,6.08,0.5519813494649184,2.2393431926072527
Cc1cc(C)c(S(=O)(=O)Nc2ccc(NS(=O)(=O)c3ccccc3)cc2)c(C)c1,9.319342340120755,5.26,0.6125737907711054,1.984397229213533
CN1C(C)(C)C=C(C=O)C1(C)C,7.553547712206144,3.75,0.5529742374643302,3.6263661767924535
Cc1ccccc1C(=O)NS(=O)(=O)c1ccccc1,11.037059984015857,5.19,0.932805045789208,1.593257942073139
Cc1ccc(C(=O)NS(=O)(=O)c2ccc(C)cc2)cc1,11.418747928282906,6.0,0.943513556341748,1.581469641545285
Cc1ccc(S(=O)(=O)Cc2ccc(NS(C)(=O)=O)cc2)cc1,10.883848726487152,5.46,0.9065084303551468,1.8463595110329096
Cc1ccc(S(=O)(=O)C(C)(C)C)c(C)c1,9.723417767852853,4.97,0.7375780630145838,2.134294252407156
CC1(C)C(C(=O)Nc2ccc(C(=O)C=Cc3ccccc3)cc2)C1(C)C,9.760136748893643,6.74,0.5964509305199253,2.1228019705037475
Cc1ccc(C(=O)N(Cc2ccccc2)S(=O)(=O)c2ccc(C(=O)CBr)cc2)cc1,8.49349791607553,6.48,0.3615580816966574,2.1887141426282994
Cc1ccc(S(=O)(=O)NNS(=O)(=O)c2ccc(C=NS(=O)(=O)c3ccccc3)cc2)cc1,8.737049789585265,7.41,0.3633573248087615,2.4457475678064817
O=S1(=O)CC[C@H](NN([C@@H]2CCS(=O)(=O)C2)S(=O)(=O)c2cccc3cccnc23)C1,8.919060062670177,6.53,0.6233760117101977,3.784646487885201
CCn1c2ccccc2c2cc(NC(=O)C(=O)N3CCCCC3)ccc21,10.225439043397095,6.42,0.7162519320156565,2.088569181771353
COc1ccc(NC(=O)c2ccc(C)cc2)cc1,11.127871306701094,5.4,0.8953091412058717,1.2430235707882955
Cc1ccc(S(=O)(=O)NC(=O)c2ccc(O)cc2)cc1,10.887905488761788,5.3,0.9031979315580656,1.6889585925942343
Cc1cccc(NC(=O)C2CCCN2S(=O)(=O)c2ccccc2)c1,10.833547760361224,5.6,0.9273224643311486,2.2330001283030416
Cc1ccccc1NC(=O)c1ccc(NC(=O)c2ccc(NS(N)(=O)=O)cc2)cc1,9.002418084209044,5.84,0.4841715782629349,1.858010296474454
Cc1cc(C)c(S(=O)(=O)NC(=O)NCc2cc(=O)[nH]c3ccccc23)c(C)c1,9.810791466380229,6.79,0.6266135959229342,2.336788363843482
Cn1cc(C(=O)NCc2ccccc2)c(S(=O)(=O)N2CCN(Cc3cccc(Cl)c3)CC2)n1,8.920828634287165,5.4,0.5529808297678642,2.3002737786223424
Cc1ccccc1C(=O)NS(=O)(=O)c1ccccc1,11.237059984015856,5.69,0.932805045789208,1.593257942073139
Cc1ccc(C(=O)NS(=O)(=O)c2ccc(C)cc2)cc1,11.402747928282906,5.96,0.943513556341748,1.581469641545285
NCC1CCN(NC(=O)c2ccc(Br)cc2)CC1,10.652649081861547,5.51,0.8941025502466525,2.20570592372947
Cc1ccc(S(=O)(=O)NC(=O)c2ccccc2C)cc1,11.349071396814375,5.91,0.9435135563417482,1.644613138048781
Cc1ccc(C(=O)NS(=O)(=O)c2ccc(C3CC3)cc2)cc1,11.46409601847162,6.36,0.9431317906282872,1.7630060810203003
Cc1ccc(C(=O)NN2CCN(S(=O)(=O)c3ccc(C)cc3)CC2)cc1,11.149075072360285,6.51,0.8894374127598749,1.982920954163344
Cc1cc(C)c(S(=O)(=O)NC(=O)c2ccccc2)c(C)c1,11.375105428214503,6.17,0.9479833448891534,1.831027426100185
COc1cccc(C(=O)NNC(=O)c2ccc(Br)cc2)c1,10.492028341935072,5.02,0.8372214567748592,1.627439969845469
c1ccc(C(c2ccccc2)N2CCNCC2)cc1,10.70526063922796,4.97,0.9032369872213244,1.7842691864394968
Cc1cccc(NC(=O)c2ccccc2)c1,10.745298226391007,5.41,0.8112788228538133,1.2115752312011754
O=C(c1cc2ccccc2oc1=O)N1CCN(CN2CCNCC2)CC1,10.05512567211095,5.26,0.8039246112433237,2.32696086598188
Cc1cccc(CN2CCN(S(=O)(=O)c3ccccc3)CC2)c1,11.01610197756127,6.08,0.8647303265492412,1.6873817310157904
COc1ccc(-c2ccc(C=NC3CCCCC3)cc2)cc1,10.227845668407452,6.33,0.7174298642611266,2.0271581500861657
Cc1ccccc1NC(=O)Nc1ccccc1,10.448286556498044,4.85,0.8060438459008867,1.3013573196741497
Cc1ccc(S(=O)(=O)N2CCN(S(=O)(=O)c3ccccc3)CC2)cc1,10.984289081792516,6.78,0.8089772735933117,1.7702534339788407
COc1ccccc1CN1CCN(Cc2ccc(C3CC3)cc2)CC1,10.399019425356412,5.51,0.795813524543402,1.796660298347348
COc1ccc2cc3c(nc2c1)N(S(=O)(=O)c1ccccc1)CC3,10.088698110340928,5.96,0.7353287203652535,2.171649526398045
Cc1ccc(C)c(C)c1,8.436059825430531,3.44,0.4933927122974484,1.2029222379947877
Cc1ccc(OC2CN(C(=O)[C@@H]3CCCCN3)C2)cc1,10.239560223116545,4.82,0.9123855098108934,2.6272941699545207
Cc1ccc(S(=O)(=O)N2CCC(Nc3ccccc3)CC2)cc1,11.03130805889816,5.37,0.9359418499046837,1.7672740387081003
Nc1ccc(NC(=O)c2cccc(NC=O)c2)cc1,9.043244367978248,4.79,0.5773955931791043,1.8329771486527235
Cc1c(Cl)cccc1NS(=O)(=O)c1ccc(C(=O)NC2CCCCCC2)cc1,10.35400443520537,7.06,0.675073540940268,1.9569035524523424
Cc1c(/C=C2\SC(=S)N(CCN3CCCCC3)C2=O)c(N2CCCC2)n(C)c(=O)c1C#N,8.097233116567931,4.81,0.4829606826281239,2.771834050088245
Cc1ccc(C(=O)NNS(=O)(=O)c2c(C)cc(C)cc2C)cc1,10.59444388604858,5.66,0.8449967714099572,1.9853886563485243
Cc1cc(C)c(S(=O)(=O)NC2CC2)c(C)c1,10.35400299477237,4.68,0.8771803079850231,1.9908671566670133
Cc1cccc(NS(=O)(=O)c2ccccc2)c1,10.940257989766948,5.08,0.9061288808931331,1.452176197225171
NC(=O)c1c(N/C=C2\C(=O)NC(=S)N(c3ccccc3)C2=O)sc2c1CCCC2,8.296494632940878,6.12,0.3958024446458418,2.5962945650484315
Cc1ccc(C(=O)NS(=O)(=O)c2ccccc2)cc1,11.264007327992635,5.67,0.932805045789208,1.5277316721166798
Cc1cccc(NC(=O)c2cccc(C(=O)NC3CC3)c2)c1,10.969940778216026,5.31,0.909812603663013,1.602174473812067
Cc1cccc(NC(=O)NS(=O)(=O)c2ccc(O)cc2)c1,10.398067934028496,5.36,0.8098348116031009,1.8121359281244764
Cc1ccccc1NC(=O)[C@H]1CCCN(c2ccc(N3CCNCC3)nn2)C1,10.271655935720746,5.79,0.8458190137306941,2.6955162440998457
Cc1n[nH]c(C)c1-c1ccnc2cc(C(=O)N3c4ccnn4[C@H](C(F)(F)F)C[C@@H]3C)nn12,7.564891421992181,4.93,0.5107065989241606,4.109687974082108
Cc1ccc(S(=O)c2ccccc2NS(=O)(=O)c2ccccc2)cc1,9.956714877927052,6.2,0.738224137602277,2.625176842307269
Cc1cccc(NS(=O)(=O)c2ccc(C)cc2C)c1,11.1301751936695,5.57,0.9326629756408064,1.7023882926369414
Cc1cccc(NC(=O)CC23CC4CC(CC(C4)C2)C3)c1,10.01986727578476,5.68,0.8666057743374139,3.272200826940301
Cc1ccc(NS(=O)(=O)c2ccccc2)cc1C,11.077012973468577,5.31,0.9224151091127474,1.5148366567611458
Cn1cc(C(=O)Nc2ccc(C3NCCN3)cc2)c2ccccc2c1=O,9.54264692278223,5.63,0.6765901376567902,2.4193482586944306
Cc1ccccc1NC(=O)c1ccc(C(=O)NCc2ccccc2)cc1,10.2748104693406,5.59,0.7294419534461943,1.492207951002122
Cc1cccc(NS(=O)(=O)c2ccc(NS(=O)(=O)c3ccccc3)cc2)c1C,10.027982527981836,6.58,0.6372857584498582,1.8681045860827807
Cc1ccc(S(=O)(=O)NC(=O)C2CC=CCC2C(=O)NS(=O)(=O)c2ccc(C)cc2C)cc1,9.040956712845338,6.45,0.5993464619720906,3.2798243211638063
OC(c1ccccc1)C(c1ccccc1)N1CCNCC1,10.076643366502411,4.68,0.9034864579490274,2.747671809349221
Cc1ccc(C(=O)CN2C(=O)c3ccccc3C2=O)cc1,9.704854929149096,5.5,0.6403717154648734,1.691742447029302
NCc1ccc(S(=O)(=O)NC(=O)c2ccc(O)cc2)cc1,10.197796288759797,5.27,0.7794497484585935,1.8466796947027253
COc1cc(O)cc(CN2CCN(Cc3ccccc3)CC2)c1,10.626165220938285,4.6,0.9207453270449092,1.8126481541449009
Cc1cccc(NS(=O)(=O)c2ccc(NS(=O)(=O)Cc3ccccc3)cc2)c1,9.829185390828002,6.43,0.6136792780029995,1.9158908942244928
CCn1c2ccccc2c2cnn(CC(=O)N(Cc3ccccc3)c3ccccc3)c(=O)c21,8.333297997512249,5.9,0.3907357673464668,2.316688160782736
Cc1cc(C)c(S(=O)(=O)N2CCCN(C(=O)Cc3ccccc3)CC2)c(C)c1,10.52164254736718,6.17,0.7925104912853156,2.032014645254378
Cc1ccc(N(C(=O)c2cccnc2NC(=O)c2ccccc2)S(=O)(=O)c2ccc(C)cc2)cc1,8.910536895890647,6.95,0.4152159410952242,2.242186790062055
c1ccc(C2CCN(N3CCNCC3)CC2)cc1,10.2229099601245,5.18,0.8551438531276037,2.4133385029149927
c1ccc(CN2CCN(Cc3ccccc3)CC2)cc1,10.698847558680296,5.1,0.8391317089059869,1.3168462076283287
Cc1ccccc1C(=O)NS(=O)(=O)c1ccccc1,11.137059984015856,5.44,0.932805045789208,1.593257942073139
Cc1ccc(S(=O)(=O)N2CCN(Cc3ccc(Br)cc3)CC2)cc1,10.635124927240296,6.25,0.778595219410252,1.753997736116716
Cc1cccc(C=Cc2ccc(NS(=O)(=O)N3CCCCC3)cc2)c1,10.590175799238176,6.21,0.8117959502284349,2.107083928484334
Cc1cc(C)c(S(=O)(=O)NC(=O)Cc2ccccc2)c(C)c1,11.167411576185694,5.83,0.9427060753243944,1.917957972571372
Cc1cc(C)c(S(=O)(=O)NC[C@@H]2CCC3(CCN(S(=O)(=O)N4CCNCC4)CC3)O2)c(C)c1,8.621367303408224,6.07,0.6047111495566888,3.829836652119779
NNC(=O)c1ccc(NC(=O)c2cccc(C=NC3CCCCC3)c2)c(OCc2ccccc2)c1,6.941732890138256,4.99,0.1889205501395078,2.4270357822463406
Cn1c(=O)n(Cc2ccccc2)c(=O)c2cccnc21,9.789358965374223,5.2,0.6994159569503473,1.8396955524764584
COc1ccc(NC(=O)c2ccccc2)cc1,10.934355125334438,5.06,0.8750194340578671,1.1682590465187346
Cc1ccc(CN2CCN(Cc3ccc(C4CC4)cc3)CC2)cc1,10.551845138190282,5.56,0.8148570474564208,1.7190037930010078
Cc1cc2ccccc2n1CCOc1ccccc1Cl,9.36625903846959,4.38,0.6786175398410738,1.8308221614391835
Cc1ccc(S(=O)(=O)NC(=O)c2ccc(S(=O)(=O)N3CCOCC3)cc2)cc1,10.775097026582774,7.02,0.7706813578871837,1.9978252961419525
Cn1cc2c(n1)c(=O)n(Cc1ccccc1)c(=O)n2CC(=O)N1CCN(N2CCNCC2)CC1,8.740056695858062,6.29,0.5100466548035816,2.92031358849837
Cc1ccc(S(=O)(=O)NC(=O)N2CCN(S(=O)(=O)c3ccccc3)CC2)cc1,10.65681118412947,6.38,0.8005779217745012,2.0086803257277523
N=C(NC1CCN(S(=O)(=O)c2ccccc2)CC1)NS(=O)(=O)c1ccc(Br)cc1,8.606354129745963,6.24,0.4284523580541345,2.3991572292135324
C(=NCc1ccccc1)c1ccccc1,9.274107984936634,4.15,0.6661990827118066,1.7193392726500694
Cc1ccc(NS(=O)(=O)c2ccccc2)cc1,10.977354912843872,5.08,0.9061288808931331,1.3826194664559388
NC(=O)c1ccccc1NS(=O)(=O)c1ccccc1,10.773406445119852,5.05,0.888157244537591,1.580778116238596
Cc1nc(N2CCCC2)nc2c1CCN(Cc1ccccc1Br)CC2,10.307758146007506,6.13,0.7844544285427633,2.3305433331207936
Cc1ccc(CN2CCN(C(=O)c3ccccc3)CC2)cc1,10.906719791142896,5.52,0.8687053829276573,1.5082488379559873
COc1ccc(C)cc1S(=O)(=O)N1CCN(Cc2ccccc2)CC1,10.938093189878137,6.52,0.8220918283043079,1.7799017237172698
Cc1cc(C)c(S(=O)(=O)NC(=O)c2ccccc2)c(C)c1,11.311105428214503,6.01,0.9479833448891534,1.831027426100185
COc1ccc(NC(=O)NC(=O)Cn2c(=O)n(C)c(=O)c3ccccc32)cc1,9.863306934327294,5.59,0.7008004338349452,2.0060034026508298
Cc1ncoc1C(=O)N=c1[nH]cc[nH]1,8.104708488928532,4.02,0.6842379233472715,3.976812893384446
Cc1ccccc1NC(=O)c1ccccc1,10.71707187187596,5.28,0.8112788228538133,1.166999645916894
NC1CC1c1ccc(CN2C(=O)[C@@H]3CC=CC[C@H]3C2=O)cc1,9.104348563958045,5.79,0.684761058452318,3.434695968649533
NCc1ccccc1C(=O)NS(=O)(=O)c1ccc(C(=O)c2ccccc2)cc1,9.788614439408173,6.29,0.6249472171647643,1.988372880592557
Nc1ccccc1Sc1ccccc1CN1CCN(S(=O)(=O)c2ccccc2)CC1,9.423894813698883,6.02,0.5897671549589438,2.1531016189450884
Cc1cc(C)c(S(=O)(=O)N2CCN(CN3CCCCC3)CC2)c(C)c1,10.131745983237376,5.08,0.8216081573650206,2.207449697715104
COc1ccc(S(=O)(=O)N(c2ccccc2)S(=O)(=O)c2ccccc2)cc1,9.58947725500258,5.67,0.6309404256846874,1.950693978032352
Cc1ccc(C(=O)NNC(=O)c2ccc(C(=O)c3ccc(Cl)cc3)cc2)cc1,9.3814294477328,6.15,0.521041083376992,1.7116895358939264
Cc1ccc(N2CCCN(c3ccccc3)CC2)cc1,10.459103154684891,5.06,0.817286214601832,1.5397575163823127
Cc1ccccc1C(=O)NS(=O)(=O)c1ccccc1,11.213059984015857,5.63,0.932805045789208,1.593257942073139
CNc1ccc(S(=O)(=O)N2CCN(Cc3ccccc3)CC2)cc1,10.705065736832086,4.96,0.9029007384260512,1.774108389274298
Cc1ccccc1NS(=O)(=O)c1cccc(S(=O)(=O)N2CCOCC2)c1,10.466718548418012,5.5,0.832147418638604,1.9892294894636608
Cc1cccn1S(=O)(=O)c1ccc(NC(=O)c2ccncc2)cc1,10.410189372959076,6.1,0.7909352293120722,2.1743119895103806
Cn1cc(C(=O)NS(=O)(=O)c2ccc(Cl)cc2)c(=O)c2cc(Cl)ccc21,10.507256536356548,7.17,0.7183644109795364,2.1416736931473004
COc1ccccc1CNC(=O)c1ccc(NC(=O)c2ccc(C)cc2)cc1,10.14618939656257,6.04,0.679926321554079,1.625231775431894
Cc1ccc(S(=O)(=O)NC(=O)c2ccc(S(=O)(=O)N3CC3c3ccccc3)cc2)c(C)c1,9.055046460828937,6.51,0.557979304904809,2.926101630089022
COc1ccccc1C=C1Sc2ccccc2NC1=O,10.463237373927113,5.35,0.8523717576060412,2.06527574234104
COc1cccc(C2=CC(=O)CCC2)c1,9.586144429263786,4.51,0.7367194878420784,2.0389545857091065
Cc1cccc(C)c1NS(=O)(=O)N1CCCCC1,10.644857265459724,4.98,0.9150845160980832,2.011653272145761
O=S(=O)(NC1CC1)c1ccccc1,10.11589670869798,4.56,0.7890957181592139,1.554555134624211
S=C1N[C@H](c2ccccn2)[C@H](c2cc[nH]c2)N1Cc1ccccc1,8.63555406658629,4.4,0.7159147463705804,3.551568842485933
O=C(C[C@@H]1Sc2ccccc2NC1=O)NC1CCCCC1,10.318300830664748,5.15,0.90242544119888,2.6375149132935203
CC(NC(=O)[C@@H]1Nc2ccccc2S(=O)(=O)N1)c1ccccc1,9.895508635924571,6.08,0.7970255188991304,3.179150977733604
CN(c1cccc(-n2cccc2)c1)S(=O)(=O)c1ccccc1,9.95577046188432,5.41,0.741564909112341,2.064514565977966
O=S(=O)(ON=C1CCN(Cc2ccccc2)CC1)c1ccccc1,10.572287090124632,6.66,0.7824108790178352,2.213659617176832
CS(=O)(=O)OC1CN(C(c2ccccc2)c2ccccc2)C1,10.458115823551914,6.07,0.7947798406720921,2.096551396888991
CS(=O)(=O)Nc1ccccc1NC(=O)N1CCN(S(=O)(=O)N2CCCCC2)CC1,9.590704423965834,5.33,0.6990663616576338,2.3065264599827646
Cc1n[nH]c(-n2ccc3nc4ccn(-c5ccccc5)c(=O)c4cc3c2=O)n1,8.47087937277494,5.85,0.4800354654587218,2.824920365175484
O=S(=O)(c1ccccc1)N1CC1c1ccccc1,9.76676940688652,4.8,0.7938410167023014,2.43187651240849
O=S(=O)(CC(c1ccccc1)N1CCCCC1)c1ccccc1,10.37902066571365,5.74,0.8394350863279207,2.3992520287381964
NC(=O)NS(=O)(=O)c1ccc(C2CCCCC2)cc1,10.708391255041851,5.47,0.8891706135616164,2.0268019188510777
O=C(NC1CCCCCC1)Oc1ccc2c(-c3ccccc3)cc(=O)oc2c1,9.110509055310793,6.34,0.4985319383899151,2.1595829668015014
O=S(=O)(c1ccccc1)N1CCN(Cc2ccccc2)CC1,11.10686656053426,6.1,0.8680459759098326,1.5620389821867562
O=C(CN(c1ccccc1)S(=O)(=O)c1ccccc1)N1CCC2(CC1)OCCO2,9.797392712680107,5.89,0.7473158961088362,2.773231728704319
CCC(=O)N1CCN(CCOC(=O)c2cccc(-n3c(C)ccc3C)c2)CC1,9.747373339887544,5.4,0.7200775869295156,2.2543732700764902
O=C1c2oc3ccccc3c(=O)c2[C@@H](c2ccccc2)N1c1nccs1,8.716677622469824,5.54,0.541984532757959,2.6890902526907112
O=C(CN1C(=O)c2ccccc2Sc2ncccc21)NC1CCCCC1,10.971313090149003,6.44,0.8995885554533429,2.355084955050705
O=C(NS(=O)(=O)c1ccc(F)cc1)N1CCCCCC1,10.82576422558753,5.33,0.9092723545439482,1.88264326791891
CC(NC(=O)c1ccccc1)c1ccccc1,10.559992813246788,5.1,0.8536370286289372,1.7077467328227094
Cc1c(CC(=O)NC2CCCCCCC2)c(=O)oc2c(C)c3occc3cc12,9.498104402941935,6.04,0.6531945760882419,2.599805429278046
Nc1ccc(NC(=O)Cc2ccccc2)cc1S(=O)(=O)NC1CCCC1,10.002627885172137,6.21,0.677644677378526,2.001374811708981
CN(c1ccccc1NS(=O)(=O)N1CCOCC1)S(=O)(=O)c1ccccc1,9.941539550195523,5.25,0.7771721622844325,2.291662803943284
CC(Oc1ccccc1)C(=O)N1CCN(C(=O)CS(=O)(=O)c2ccccc2)CC1,9.573841165243593,5.36,0.7142587564073679,2.4973766228345795
O=c1[nH]c2ccccc2c(=O)n1-c1ccccc1,9.91813649039808,5.29,0.700858157388248,1.678717496997832
O=C(NC1CCCCC1)NS(=O)(=O)c1ccccc1,11.022515077497522,5.97,0.8901100394286682,1.8212745845501583
O=S(=O)(NN=C(c1ccccc1)C1CC1)c1ccc(F)cc1,9.561360219911029,5.34,0.6805134075314399,2.202070255449785
O=S(=O)(Nc1cccc2ccccc12)c1ccccc1,10.703605232173746,5.91,0.7973337174640109,1.5392436468503234
CS(=O)(=O)N1CCN(C(=O)CS(=O)(=O)c2ccccc2)CC1,10.025407924275754,5.63,0.7372381350226441,2.0600033571867566
Cc1cccc(OC(=O)N2CCN(Cc3ccc(F)cc3)CC2)c1,10.594547871733964,5.19,0.8650216681471086,1.812917753822795
O=C(NS(=O)(=O)c1ccc(CON=C2CCCC2)cc1)N1CCCC1,10.545237054040353,6.53,0.8126189680558114,2.4387512361766426
CC(=O)Nc1ccc(NC2(C(N)=O)CCN(S(=O)(=O)N3CCCCC3)CC2)cc1,9.21022966912249,5.49,0.6320304173615666,2.5365931266494304
CN1C(c2ccccc2)CC(O)CC1c1ccccc1,10.22270832680327,5.09,0.8990824044607423,2.7416635273905463
CS(=O)(=O)c1ccc2c(c1)CCN(C(=O)CC1(n3cccc3)CCCCC1)C2,10.408934228405863,7.04,0.7888789948547654,2.8631592754318937
O=C1[C@H]2[C@H]3CC[C@H](C3)[C@H]2C(=O)N1c1ccc(C(c2ccccc2)(n2ccnc2)n2ccnc2)cc1,7.397486674462815,6.44,0.4208400055130155,4.747272534999361
O=C(C=Cc1cn(-c2ccccc2)nc1-c1cccnc1)N1CCN(S(=O)(=O)N2CCCCC2)CC1,8.988781258790025,6.83,0.4797075937023304,2.5859034830896768
CC(NC(=O)CCC(=O)NN=C1CCCC1)c1ccccc1,9.6270424233184,4.64,0.793054357065151,2.566784669864358
CS(=O)(=O)N[C@H]1CCN(C(=O)C(=O)C2CCCCC2)[C@H]1Cc1ccccc1,9.612138002941276,6.16,0.7496856024742662,3.3444116667535067
O=C(Oc1ccccc1Cl)N1CCN(c2ccc(NS(=O)(=O)c3ccc(F)cc3)cc2)CC1,9.425288073616468,6.25,0.5663078610793087,2.1118556116828984
CC(=O)N1CCc2nc3cc([C@@H]4CCCCN4C(=O)COC(=O)c4ccccc4)nn3c(O)c2C1,8.866384759701296,6.3,0.5729023013327519,3.256649287554838
O=C1CS[C@]2(C(=O)Nc3ccccc32)N1c1ccccc1,9.809655707217392,4.99,0.8796582024869939,3.266319371350332
O=S(=O)(c1ccccc1)N1CC1c1ccccc1,10.05876940688652,5.53,0.7938410167023014,2.43187651240849
CN1C(=O)[C@@]2(CCCN(C(=O)c3cccc(F)c3)C2)c2ccccc21,9.626610389528334,5.28,0.8020066408192669,3.128165287007775
O=S(=O)(NN=C1CCN(Cc2ccccc2)CC1)c1ccccc1,10.57748109389551,5.7,0.8490830730268784,2.0839706061878207
CS(=O)(=O)NC(=O)c1ccc(CC(=O)N2CCNCC2)cc1,10.211427696740916,5.8,0.7669310605073208,2.105952613176669
CC(NC(=O)C(c1ccccc1)c1ccccc1)c1ccccc1,9.739894274002763,5.11,0.7265003969700549,2.108701808975312
O=C(C1CCCCC1)N1CCN(C(CS(=O)(=O)c2ccccc2)c2ccccc2)CC1,9.644833603322605,6.11,0.6830588645279595,2.6459667745217565
CS(=O)(=O)Nc1ccc(S(=O)(=O)NC2CCCCCC2)cc1,10.509924998482214,5.96,0.798297149273832,1.9485649713103363
O=C1CCc2cc(NC(=O)C3CCCCC3)ccc2N1,11.067669074012777,6.57,0.8688193432229159,1.9949945752322888
O=S(=O)(Nc1cccc(Br)c1)N1CCCCC1,10.939563699106344,5.49,0.9308518652106358,1.9834848510713243
O=C(Nc1ccccc1)[C@H]1CN(S(=O)(=O)c2ccccc2)c2ccccc2O1,9.96006057562564,5.97,0.7368633720806944,2.4341567694281743
O=c1c2ccccc2nc(SCc2ccc(C3CC3)cc2)n1-c1ccccc1,8.182471843187628,5.7,0.3339125535940869,1.9380782763699784
CC1(C)Cc2c(sc3nc(SCC(=O)N4CCCC4)nc(N)c23)CO1,9.16498937797686,5.39,0.6532878696583901,2.737735743218895
CC(NC(=O)Cn1nc(N2CCOCC2)c2ccccc2c1=O)c1ccccc1,9.453629446819685,5.13,0.7197542267102588,2.59973282760542
CC(=O)NCC1CCC(NC(=O)CN(c2ccccc2)S(=O)(=O)c2ccccc2)CC1,9.670091062719122,5.88,0.6557421101839218,2.1802582490569424
CN(C(=O)c1ccc(CC(=O)NCC(=O)NC2CCCCC2)cc1)c1ccccc1,9.793966718018144,5.0,0.7404188333578645,2.050081903936759
O=S(=O)(Nc1ccccc1)N1CCOCC1,10.319881863648002,4.79,0.847441829779566,1.869697973676092
CC(=O)N1CCN(C(=O)c2ccc3c(c2)OCCCO3)CC1,10.202439126057415,5.47,0.7808277184219062,2.000376104439505
NS(=O)(=O)N1CCN(C(=O)C2CC2(c2ccccc2)c2ccccc2)CC1,10.281957880412683,5.81,0.8620553289587851,2.837326934855282
CC(=O)N1[C@@H](Cc2ccccc2)C[C@H]2[C@H]1CCCCCN2C(=O)Oc1ccccc1,9.357703998096676,5.57,0.7447517062982852,3.3345703602533003
CC(NC(=O)CCN1C(=O)COc2ccccc21)c1ccccc1,10.572020075805565,5.24,0.9197536163494608,2.385244905009712
CS(=O)(=O)Nc1cccc(CC(=O)N2CCN(C3CCCC3)C(=O)C2)c1,10.541182304590516,6.07,0.8332051690354485,2.286629700211817
O=C(CNS(=O)(=O)c1ccccc1)N1CCN(Cc2ccccc2F)CC1,10.2401679423827,5.15,0.8093001215073138,1.9458862015982608
CCCOC(=O)C1(NC(=O)CN2C(=O)c3cccc4c(N5CCCCC5)ccc(c34)C2=O)CCCC1,8.347091323066895,5.51,0.4675009229562841,2.6892120758561315
O=C(NC1CCCCCC1)c1ccc(F)cc1,10.274915747669416,4.98,0.7830118452389837,1.516639580270699
Cc1cn[nH]c1[C@@H]1CCCN(C(=O)Cc2ccccc2)C1,10.53407253399794,5.29,0.9411603930544976,2.68655753624434
O=S(=O)(Cc1ccccc1)Nc1ccccc1F,10.815760862966444,4.83,0.923564714296598,1.6550308106073004
CC(=O)Nc1ccc(S(=O)(=O)NC(=O)C2CCCCC2)cc1,11.076696248482886,6.25,0.8861064392198529,1.8936524870732647
O=S(=O)(Nc1ccc(C2CO2)cc1)NS(=O)(=O)NC1CCCCC1,8.913160279391294,5.63,0.6186412461190166,3.078095691212476
CCCC(=O)N1CCN(C(=O)COc2ccc(OCc3ccncc3)cc2)CC1,9.52345432920412,4.98,0.6844558031488209,2.0386253610816656
CCOC(=O)N1CCCC1C(=O)NCC(=O)Nc1ccc(N2CCCC2=O)cc1,9.650449588496231,5.26,0.7495259115018249,2.596140225085988
CC(=O)Nc1ccc(C(=O)N2CCN(C(=O)Nc3ccccc3F)CC2)cc1OC1CCCC1,9.788743959051931,5.85,0.6914860653563167,2.256979664984476
O=Cc1cc2c(=O)n(Cc3ccccc3)ccc2[nH]c1=O,10.103880100525789,6.03,0.7398110642387546,2.236024389662939
O=CN1CCC(N=Cc2cccc(F)c2)CC1,8.516321661603856,4.71,0.5801522060370727,2.7857667388264264
CN1C(=O)c2cccc3c(NC(=O)c4ccccc4Br)ccc1c23,9.999483267856366,5.85,0.7134622568123558,2.0596291840805154
CC(=O)Nc1cccc(OC(=O)N2CCCCC2)c1,10.711035893766985,5.14,0.8909191126187092,1.790079712755288
O=C(Nc1ccccc1Cl)N1CCC(C(=O)N2CCCC2)CC1,10.96782410192574,5.75,0.9019034381228416,1.864960751994813
CC(=O)Nc1ccc(NC(=O)OC2CCCCC2)cc1,10.772444476690682,5.36,0.8870923750468095,1.8054979816262549
CC(=O)NC[C@H]1CCC2(CCN(C(=O)Nc3ccccc3)CC2)O1,10.136428331586655,5.53,0.8931447336300863,3.179999480945792
O=C(CN1CCC(CNC(=O)C(=S)N2CCCC2)CC1)Nc1ccc(F)cc1,9.565706664943532,4.86,0.7327882524667797,2.3043942754318945
NC(=O)C1CCCNC1,7.623337195869842,3.42,0.4985633176513787,2.758312616606455
CC1=CCP(=O)(c2ccccc2)C1,7.411600517354826,4.29,0.4934760021843012,3.762033049618413
CN(C(=O)COc1ccc2oc3ccccc3c2c1)c1cccc2ccccc12,8.721220054248569,6.57,0.3961832919232985,2.1408620255936217
O=C(NC1CCCC1)C(c1ccccc1)c1ccccc1,10.94658489093626,5.5,0.9038774985519372,1.7350508164619445
O=C(CC(=O)NC1CCCCCC1)Nc1ccc(F)cc1,9.592066395881613,5.1,0.6618237219250641,1.7962890050475533
CS(=O)(=O)NC(=O)c1ccc(N2CCCN(C(=O)c3ccccc3)CC2)cc1,10.798032903315644,6.13,0.8431752848442872,1.93976586988175
O=C(CC(=O)N1CCN(C(=O)NS(=O)(=O)c2ccc(F)cc2)CC1)N1CCCC1,9.79029459435828,5.78,0.7008431837182628,2.285786289042594
CS(=O)(=O)OC1CN(C(c2ccccc2)c2ccc(OCCN3CCCC3)cc2)C1,8.84265436930279,5.6,0.5704008172868335,2.753630413138767
Cn1c2c(c3ccccc3c1=O)C(=O)c1ccccc1-2,8.972462343878423,5.93,0.4879850312507329,2.0159983864845543
CC1=C(C=O)[C@H](c2ccncc2)C2=C(N1)c1ccccc1C2=O,10.020236216013464,5.6,0.8666652386133157,3.212044242494591
O=C(NC1CCCCCCC1)OCc1ccccc1,10.613927545433162,4.7,0.8918686096462325,1.6507033391289134
O=S(=O)(NC1CCCCC1)c1ccccc1,10.69618490298425,5.03,0.8793724100203256,1.631504997087461
O=C(NS(=O)(=O)c1cccc(N2CCNCC2)c1)N1CCCC1,10.463079107770277,5.7,0.8429780678369571,2.243529283463344
CC(=O)Nc1ccc(Nc2ccccc2)cc1,10.55892572360437,4.8,0.8418452684043962,1.378621683881372
O=S(=O)(N1CCCCC1)N(Cc1ccccc1)Cc1ccccc1,10.458533384151686,5.66,0.8055160730573542,1.8848945622317783
O=C(Cc1ccc(NS(=O)(=O)c2cccc(F)c2)cc1)N1CCOCC1,10.430974781306016,5.0,0.8638475087369788,1.9665498636840333
CN1CCC2(CCN(S(=O)(=O)c3ccc(F)cc3)CC2)C1=O,10.194711985844664,5.89,0.8266185570184861,2.7419820397076293
O=C(NS(=O)(=O)c1ccc2c(c1)CCO2)N1CCCC1,10.793094543933636,5.93,0.8869511525510347,2.193008103083745
CN(C(=O)c1ccccc1)c1ccccc1,10.067727128618513,4.77,0.7474558586439631,1.427614361635957
CC(C)(C)C1=NN(CC(N)=O)C(=O)c2cc3ccccc3n2C1,10.193871516853251,4.9,0.91978198645141,2.8395287839628445
Cc1ccccc1N1CCN(C)CC1,9.298993420113677,4.02,0.6653857455493046,1.5678590472305984
Cn1c(Cn2cccn2)nnc1C1CCNCC1,10.158243977440224,5.33,0.8577799011230477,2.670811652407009
Clc1ccccc1CN1CCC(N2CCNCC2)CC1,10.596972403350252,4.83,0.9217667756965542,2.0490777249872654
NC(=O)C1=CN(Cc2ccccc2)C=CC1,9.766686326645678,4.54,0.8331809424024095,2.591091619161041
Cc1ccc(NS(=O)(=O)c2ccccc2)cc1,10.921354912843872,4.94,0.9061288808931331,1.3826194664559388
Cc1ccc(S(=O)(=O)NC(=O)c2cccc(C)c2)cc1,11.328303396814372,5.86,0.943513556341748,1.6460531380487795
Cc1ccc(COC[C@@H]2CCS(=O)(=O)C23CN(C2CCOCC2)C3)cc1,9.387038712013991,5.94,0.784887243486732,3.9182876063543537
Cc1ccccc1NS(=O)(=O)c1ccc(NS(=O)(=O)c2ccc(I)cc2)cc1,9.169839151194044,6.58,0.4695488863133483,1.967491568331301
Cn1c2ccccc2c(=O)c2ccc3c(c21)OCO3,8.915438269858715,5.12,0.577594129782342,2.321900412055985
Nc1cccc(S(=O)(=O)Nc2ccc(Cl)cc2)c1,10.679091557017102,5.4,0.8503705063263826,1.6800378875303768
CC1=C(C(=O)OCC2CO2)[C@H](c2ccccc2)C2=C(CCCC2=O)N1,9.165868353093751,5.66,0.67450448695024,3.1295372205013754
Cc1ccc(S(=O)(=O)CC(c2ccccc2)N2CCOCC2)cc1,10.31218596827677,5.76,0.8359425808484087,2.508134537116735
NS(=O)(=O)N1CCN(C(=O)C2CCN(C(c3ccccc3)c3ccccc3)CC2)CC1,10.253895298591669,6.05,0.7654970516133943,2.20091977966117
Nc1ccc(S(=O)(=O)NN=C2CCN(Cc3ccccc3)CC2)cc1,9.487180423910344,5.75,0.6334825974624871,2.225380082330489
Cc1ccccc1NC(=O)C[C@]1(O)C(=O)Nc2ccc(Cl)cc21,9.748791285844629,4.86,0.8093977633596091,2.650596209277808
Cc1ccc(S(=O)(=O)n2nc(-c3cccnc3)nc2NCc2ccccc2Cl)cc1,8.97948773447042,6.47,0.4850194327156543,2.3811353923088525
Clc1ccccc1,8.416239966567359,3.24,0.4833833263681997,1.0
Cc1cc(-c2nnc3sc(-c4ccco4)nn23)[nH]n1,8.661193297556478,5.03,0.6039758977488465,2.968545646821221
Cc1ccccc1Cc1ccc(Cl)cc1,9.755490580102029,4.46,0.7046281410615836,1.3951084318629512
Cc1ccccc1NC(=O)NS(=O)(=O)c1ccc(Cl)cc1,11.178022507353823,5.95,0.91024011340662,1.6958688193711635
Cc1ccc(NS(=O)(=O)c2ccc(C)cc2)cc1,11.131953527314732,5.35,0.9224151091127474,1.441823118299606
Cc1ccc(S(=O)(=O)NC(=O)Cc2ccccc2)cc1,11.26251763446654,5.75,0.936559626082386,1.6243160701167143
COc1ccc(S(=O)(=O)NCc2ccccc2)cc1,11.04466711162486,5.29,0.9109857302992136,1.4576207383963116
Cc1ccccc1Sc1ccc(S(=O)(=O)N(CC2CO2)c2ccccc2)cc1,9.137899456657143,6.8,0.5270683526374719,2.710053692505099
c1ccc(CN2CCN(CN3CCOCC3)CC2)cc1,10.142308250239486,4.66,0.8186822131596254,1.846311949237592
Cc1ccccc1NS(=O)(=O)c1ccccc1,10.96433491284387,5.1,0.9061288808931331,1.4220319664559398
Cc1ccc(NS(=O)(=O)c2ccccc2)cc1,10.945354912843872,5.0,0.9061288808931331,1.3826194664559388
Cc1ccccc1NS(=O)(=O)c1ccccc1C,10.900214450391656,4.94,0.9224151091127474,1.5688338875303742
Cc1ccc(S(=O)(=O)N2CCN(Cc3ccccc3)CC2)cc1,11.151254984554278,6.32,0.8647303265492412,1.6139698429039022
Cc1ccc(NC(=O)NS(=O)(=O)c2ccc(C)cc2)cc1,11.328807001106338,6.21,0.9152508086678371,1.6532441509361495
Cc1ccc(S(=O)(=O)N2CCN(Cc3ccccc3)CC2)cc1,11.343254984554278,6.8,0.8647303265492412,1.6139698429039022
Cc1cc(C)cc(NC(=O)[C@@H]2CC(=O)Nc3nc(Nc4cccc(Cl)c4)[nH]c(=O)c32)c1,8.490925723529468,6.16,0.4944275493116991,3.149362212187538
O=c1c2c(nc3n1CCS3)c1ccccc1n2Cc1ccccc1,8.86324976736887,5.68,0.5271464194938654,2.385724461628154
Nc1ccc(N2CCCN(C(=O)N3CCNCC3)CC2)cc1,9.751121073717783,4.91,0.753573598848708,2.1813103764175263
Nc1ccc(N2CCC(N(C=O)C3CC3)CC2)cc1,8.989024959890951,4.52,0.6630061509671855,2.502633558909133
Cc1ccc(S(=O)(=O)CN2CCN(Cc3ccccc3)CC2)cc1,10.625640843000603,5.83,0.8357533281308913,1.9712033725518907
COc1ccc(S(=O)(=O)NCc2ccccc2)cc1,10.88866711162486,4.9,0.9109857302992136,1.4576207383963116
Cc1ccc(S(=O)(=O)NC(=O)Cc2ccccc2)cc1,11.186517634466538,5.56,0.936559626082386,1.6243160701167143
Cc1ccc(S(=O)(=O)N2CCN(Cc3ccccc3)CC2)cc1,10.987254984554278,5.91,0.8647303265492412,1.6139698429039022
Cc1ccc(S(=O)(=O)Cc2ccc(NS(=O)(=O)Cc3ccccc3)cc2)cc1,9.550667634494715,5.54,0.6343851900943893,1.956964896171911
Cc1cccc(S(=O)(=O)NC(=O)Cc2ccccc2)c1,11.173488623477528,5.64,0.936559626082386,1.7087454657211083
Cc1ccc(S(=O)(=O)N2CCN(Cc3ccccc3)CC2)cc1,11.167254984554278,6.36,0.8647303265492412,1.6139698429039022
Cc1cccc(NC(=O)N2CCN(Cc3ccccc3)CC2)c1,11.160783092529089,5.42,0.9435897984751592,1.6308398877843953
COc1ccccc1NS(=O)(=O)c1ccc(Cl)cc1,10.953957388695782,4.77,0.942946867216539,1.525351701144256
Cc1ccccc1NC(=O)CN1CC[C@@H](c2cccs2)S(=O)(=O)CC1,10.24584312747779,5.55,0.8883903199639895,2.947057015655048
Cc1ccc(S(=O)(=O)N(Cc2ccccc2)Cc2ccccc2)cc1,10.016810984353729,5.99,0.6605368274693887,1.655810851561256
Cc1ccc(S(=O)(=O)Nc2ccc(NC(=O)Cc3cccc(C)c3)cc2)cc1,9.88341417594617,5.87,0.6549986228415986,1.766086025675321
Cc1ccc(NS(=O)(=O)N2CCN(CC(O)CN3CCOCC3)CC2)cc1,8.83659654511554,4.33,0.6706457434125728,2.7146931686215154
c1ccc(C(c2ccccc2)N2CCNCC2)cc1,10.77326063922796,5.14,0.9032369872213244,1.7842691864394968
Nc1ccc(N2CCN(Cc3ccccc3)CC2)cc1,10.507725812792897,4.64,0.86763888158598,1.5867640352871373
Cc1ccc(S(=O)(=O)N(c2ccccc2)c2ccccc2)cc1,10.089336237701634,5.86,0.70758117037219,1.845725087659149
Cc1cccc(NS(=O)(=O)c2ccc(C3(O)CNC3)cc2)c1C,10.384860960174487,6.09,0.7989093048478519,2.286069443303504
Cc1ccc(S(=O)(=O)N(Cc2ccccc2)Cc2ccccc2)cc1,10.016810984353729,5.99,0.6605368274693887,1.655810851561256
Cc1cccc(C)c1S(=O)(=O)Nc1ccc(S(=O)(=O)Nc2ccccc2)cc1,9.923096374135683,6.4,0.6372857584498582,1.9297661245443187
N=C(NS(=O)(=O)c1ccc(NS(=O)(=O)c2cccc(Br)c2)cc1)c1ccccc1,8.52732337835401,6.76,0.3590540949139548,2.312755519811825
Cc1ccc(NC(=O)CSc2c(C)cnc3c2c(=O)n(C)c(=O)n3C)cc1C,9.063744023948288,4.39,0.6817164033390594,2.433427585148493
Cc1ccccc1C(=O)N1CC(CN2C(=O)CCC2=O)C1,10.06765375978693,5.33,0.7849510451966736,2.185208607169569
NCc1cccc(-c2c3c(=O)n(Cc4ccccc4)ccc3nc3ncnn23)c1,8.623084321409781,5.38,0.5159015753345244,2.50983107536738
Nc1ccccc1NS(=O)(=O)C=Cc1ccccc1,10.2731129449417,4.95,0.8418766179382277,2.027302789678364
Cc1cccc(S(=O)(=O)NCc2ccc(Cl)cc2)c1,11.311238733609926,5.82,0.9417722078811026,1.6323772454113108
CC1=CC2(CCN(C(=O)NS(=O)(=O)Cc3ccccc3)CC2)OCC1,10.026241131798873,6.15,0.8360262530599535,3.3375341554166944
N=C(Nc1ccc(Cl)cc1)c1ccc(S(=O)(=O)Cc2ccccc2Cl)cc1,9.048870438579412,7.12,0.4295389718583364,2.239218674388629
Cc1cccc(S(=O)(=O)NC(=O)Cc2ccc(Cl)cc2)c1,11.309839650618455,6.05,0.9405718679439578,1.796697466586016
NC(=O)NC(=O)C[C@@]1(COCc2ccccc2)CN(C(=O)Cc2ccccc2)CCO1,8.905195250774135,4.96,0.6678422534591195,3.033339185930573
Cc1ccc(NS(=O)(=O)c2cccc(Cl)c2)cc1,11.17836034687343,5.44,0.936520734982348,1.5492609644534543
Cc1ccc(Cl)cc1NS(=O)(=O)c1ccccc1,11.17744317764266,5.44,0.936520734982348,1.550980656761146
Cc1cnc(C2(C)CCN(Cc3ccccc3)CC2)s1,10.193140964095662,5.22,0.8474002575472126,2.429463010245549
Cc1ccc(NS(=O)(=O)Cc2ccccc2)cc1,10.84641033692821,4.85,0.919408844901378,1.5751602223720056
Cc1ccc(S(=O)(=O)NC(=O)[C@@H]2COc3cc(NC(=O)CCl)ccc3C2)cc1,10.15817365139716,7.15,0.7192665810781306,2.7893236333335008
CC(=O)Cc1ccc(S(=O)(=O)N2CCN(Cc3ccccc3)CC2)cc1,10.707387703267935,6.53,0.7808973595095383,1.8492242919584625
CCc1cccc(NS(=O)(=O)Cc2ccc(NC(=O)Nc3cccc(C)c3)cc2)c1,8.88501450047649,5.66,0.4914437028004457,2.0085911368105904
Cc1ccc(S(=O)(=O)NCCSC(c2ccccc2)(c2ccccc2)c2ccccc2)cc1,7.547500235669792,5.62,0.2395767785010831,2.219628064628889
NS(=O)(=O)OC1CN(c2ncnc3c2CCC3)C1,9.864526910393252,5.75,0.7852102562284651,2.8834043490688384
Cc1ccc(Cl)cc1NS(=O)(=O)c1ccccc1,11.14144317764266,5.35,0.936520734982348,1.550980656761146
Cc1ccccc1NC(=O)Cn1c2ccccc2c(=O)c2ccccc21,9.41358221953939,5.77,0.5699279142247885,1.806384566386738
Cc1ccc(S(=O)(=O)NC(=O)Cc2ccccc2)cc1,11.21451763446654,5.63,0.936559626082386,1.6243160701167143
Cc1cccc(NS(=O)(=O)c2ccccc2)c1,10.988257989766948,5.2,0.9061288808931331,1.452176197225171
Cc1ccc(S(=O)(=O)N2CCN(Cc3ccc(Cl)cc3)CC2)cc1,10.717282202160078,5.69,0.8363094329823411,1.699380767790922
Cc1ccc(S(=O)(=O)N(Cc2ccccc2)Cc2ccccc2)cc1,9.684810984353728,5.16,0.6605368274693887,1.655810851561256
Cc1cc(C)cc(NC(=S)NC(=O)c2cc(S(=O)(=O)NCl)ccc2N2CCCC2)c1,8.753151234668259,6.36,0.4614963621627773,2.5113086944620093
c1ccc(N2CCN(c3ccccc3)CC2)cc1,10.35350804358879,4.71,0.7932469950646102,1.2588953738525106
c1ccc(CN2CCN(Cc3cccc(-c4ccccc4)c3)CC2)cc1,9.987999038795728,5.81,0.6646191184337639,1.6115738681618836
Cc1ccc(S(=O)(=O)NC(=O)c2ccccc2)cc1,11.256003380242271,5.64,0.932805045789208,1.5202390741486091
Cc1cccc(NCc2ccccc2C)c1,10.12961570141676,4.26,0.8111182076313347,1.5020344285255902
Cc1cccc(NS(=O)(=O)c2ccc(Cl)cc2)c1,11.197627793027277,5.46,0.936520734982348,1.528134502914991
Cc1cccc(S(=O)(=O)NC(=O)Cc2ccccc2)c1,11.213488623477527,5.74,0.936559626082386,1.7087454657211083
Cc1ccc(NC(=O)N(Cc2ccccc2)Cc2ccccc2)cc1,9.992645322115733,5.6,0.6824103141518928,1.605482848400035
NC(=O)NC(=O)[C@@]1(O)C[C@H](O)[C@@H](O)[C@H](NC(=O)Cc2ccc(Cl)cc2)C1,6.871425724650196,4.22,0.3814793630720038,3.7143910339289175
CNC(=O)[C@@H]1Oc2c(c(=O)oc3ccccc23)[C@H]1c1cc2ccccc2n(C)c1=O,8.560186799558654,6.51,0.5197468125924958,3.5098710641599853
Cc1ccc(S(=O)(=O)NNc2ccccc2)cc1,10.440355986173737,5.11,0.831200915492687,1.7376407653584298
Cc1ccc(S(=O)(=O)NC(=O)c2ccc(-n3ccc4c(cnc5ncnn54)c3=O)cc2)cc1,9.09365514607442,7.63,0.4334032652227238,2.572525988114977
Cc1ccc(S(=O)(=O)NC(=O)Cc2ccc(Cl)cc2)cc1,11.397315937090603,6.16,0.9405718679439578,1.7151794294507372
Cc1ccccc1NC(=O)SCCC(=O)N1CCCc2ccccc21,10.28433057818459,4.93,0.8707497770388527,2.251128159253565
Cc1cccc(C)c1NC(=S)NC(=O)NS(=O)(=O)c1ccc(Cl)cc1,9.97787820583141,6.19,0.6911999269665302,2.154777706764879
Cc1cccc(NC(=O)N(CCc2ccccc2)Cc2ccccc2)c1,9.705429491898975,5.43,0.6487851405007813,1.713885967196454
Cc1ccc(NC(=O)CN(c2cccc3ccccc23)S(C)(=O)=O)cc1C,10.169161574579968,6.01,0.7285715118314612,1.9974656541457136
C1CN(N2CCOCC2)CCN1,7.946382479385336,3.58,0.5553787455839266,2.783941561407836
Cc1c(C(C)C)[nH]c2ccccc2c1=O,9.575612155564349,4.47,0.7555655306002936,2.198316983719488
Cc1ccccc1NS(=O)(=O)c1ccccc1,10.952334912843872,5.07,0.9061288808931331,1.4220319664559398
NC(=S)NS(=O)(=O)c1ccc(Cl)cc1,9.54905564571911,4.18,0.7641242601526541,2.107639005650558
Cc1ccccc1C(=O)NS(=O)(=O)c1ccccc1,11.209059984015855,5.62,0.932805045789208,1.593257942073139
Cc1[nH]c2nc(NC(=O)C3CCCCC3)nn2c(=O)c1C,10.21174394260496,5.36,0.87705042942637,2.7664339724530294
CCC(=O)NS(=O)(=O)c1ccc(C)cc1,10.429582039155576,4.94,0.8437951944347697,1.743690426496224
Cc1ccccc1C(=O)Nc1ccc(C)c(S(=O)(=O)C2CO2)c1,10.301750296455529,5.51,0.8740905288486019,2.6835329537833026
Cc1cc(C)c(S(=O)(=O)NC(=O)c2ccccc2C)c(C)c1,11.167652058637518,5.82,0.9461383792250212,1.9408978030798456
NC(=O)c1noc([C@H]2CCCN2c2nccs2)n1,9.661741391405446,4.68,0.8873511698748231,3.380395419988197
Cc1ccccc1S(=O)(=O)Oc1ccccc1,10.191502952378972,4.96,0.7843587609244844,1.6701608126097869
Cc1ccc(S(=O)(=O)Nc2c(C)cc(C)cc2C)cc1,10.997495764846724,5.29,0.9356811789877002,1.7683260518016937
Cc1ccc(S(=O)(=O)NC(=O)NS(=O)(=O)c2ccccc2)cc1,10.938915072599368,6.23,0.8617213719204955,1.9175265861606456
Cc1ccc(NC(=O)Cn2nc3c(-c4nc(-c5cccc(C)c5)no4)cccn3c2=O)cc1,8.795847508680971,6.49,0.4484489229290195,2.411326227584354
CS(=O)(=O)NC(=O)c1ccc(CC2(C(=O)N3CCCC3)CCOCC2)cc1,10.821381960897035,7.29,0.8135038386029825,2.498943370744904
COC(=O)Nc1ccc(NC(=O)Oc2ccc(C)cc2)cc1,10.875732057505466,5.29,0.9039154808102652,1.7107417194696364
CC(=O)Nc1ccc(NC(=O)c2ccccc2C(=O)Nc2ccc(O)cc2)cc1,9.427895993245016,6.64,0.4971315741963834,1.7768791804330455
c1ccc(Cc2nnc3sc(-c4cocn4)nn23)cc1,8.667394808400267,5.05,0.5773070409815829,2.7318981030837453
Cc1ccc(C)c(S(=O)(=O)NC(=O)c2ccccc2)c1,11.376726333877311,6.04,0.943513556341748,1.6902601310557728
CCC(=O)NS(=O)(=O)c1ccc(S(=O)(=O)Cc2ccccc2)cc1,10.687218170948686,5.92,0.8405590233536823,1.9664971396543545
Cc1cccc(S(=O)(=O)NC(=O)c2ccccn2)c1,10.919914747431818,5.42,0.9215413943600828,1.8840323978060844
CCc1ccc(NC(=O)c2ccc(C(=O)Nc3ccccc3C(C)C)cc2)cc1,9.321716998453134,5.61,0.5559050716072366,1.7324262723655028
CCS(=O)(=O)c1ccc(C(=O)Nc2ccc(NC(=O)c3ccc(C)cc3)cc2)cc1,10.128203868747685,6.92,0.6196835434484114,1.7767696371337962
Cc1ccc(S(=O)(=O)NC(=O)c2ccc(S(=O)(=O)Nc3ccccc3)cc2)cc1,9.938473047228186,6.48,0.6249131249322569,1.849581160837463
CCc1cccc(NC(=O)Cc2c(C)c3c(O)cccc3oc2=O)c1,9.737546462377212,5.35,0.7136331472957099,2.1772987087041145
Cc1cccc(C)c1NS(=O)(=O)c1ccccc1,11.013575681160884,5.27,0.9224151091127474,1.6037815798380688
Cc1ccccc1S(=O)(=O)NC(=O)c1ccccc1,11.26279142088088,5.77,0.932805045789208,1.605011497951221
Cc1ccc(S(=O)(=O)NC(=O)c2ccccc2)cc1,11.288003380242271,5.72,0.932805045789208,1.5202390741486091
CC(S(=O)(=O)c1ccccc1)S(=O)(=O)c1ccccc1,10.714106060949948,5.64,0.8685602565569639,1.9580934447315244
Cc1ccc(S(=O)(=O)NC(=O)OC2CCCCC2)cc1,10.912431655958985,5.45,0.9307536186552172,2.003473212973855
CC(C)CC(=O)NS(=O)(=O)c1ccccc1,10.5010707024181,4.87,0.8692649627691686,1.7863770978885825
CC(NC(=O)OCc1ccccc1)c1ccccc1,10.353854128445793,4.26,0.9047373397474766,1.9241595668914275
CCc1ccc(S(=O)(=O)N(C(=O)c2ccccc2C)c2ccccc2)cc1,9.732061983382422,5.79,0.6512737150823105,1.9563472168987504
CSC(=O)N1CCC[C@@H](c2nc3ccc(-c4ccccc4)cn3n2)C1,9.571785455904962,6.41,0.6978271494011238,3.140846614788309
Cc1cccc(C)c1NC(=O)c1ccccc1,10.325967494188124,4.32,0.8315241302116477,1.3625281203020947
Cc1ccccc1NC(=O)C(=O)Nc1ccccc1C,10.668941828670148,5.53,0.8227299595817644,1.5478037074793498
Cc1cccc(NC(=O)Oc2ccccc2C)c1,10.513076419350677,4.73,0.8650955004588484,1.6213412178471192
Cc1ccc(S(=O)(=O)NC(=O)c2cccc(C)c2)cc1,11.296303396814372,5.78,0.943513556341748,1.6460531380487795
Cc1ccc(C(=O)Nc2cccc(NC(=O)c3ccc(C)cc3)c2)cc1,10.338451029021895,5.98,0.7135325031718971,1.5221968491310207
CC(=O)Nc1ccc(NC(=O)c2cccc(C)c2)cc1,11.076189630882329,5.51,0.8976481601342097,1.443477883303526
Cc1ccc(C(=O)N[C@H]2CCC[C@](CNC(=O)O)(c3ccccc3)CC2)cc1,9.272006524761515,5.53,0.6782166214241924,2.866437358889888
Cc1cccc(C(=O)NS(=O)(=O)c2ccccc2)c1,11.16026300288378,5.5,0.932805045789208,1.594752281695779
CCC(=O)Nc1ccccc1,9.54046176516841,3.91,0.6845093070948893,1.2047179541632342
Cc1cccc(S(=O)(=O)Nc2ccccc2)c1,10.90557798976695,5.02,0.9061288808931331,1.4722011972251714
Cc1ccc(S(=O)(=O)NC(=O)C2CCCCC2)cc1,11.1179579430372,5.77,0.9248755264875952,1.8052085951936032
Cc1ccc(NC(=O)OC2CCCC2)cc1,10.234451063229834,4.6,0.8264536683212104,1.6984872713349528
CC(NC(=O)c1ccccc1)c1ccccc1,10.355992813246786,4.59,0.8536370286289372,1.7077467328227094
Cc1ccc(S(=O)(=O)Nc2c(C)cc(C)cc2C)cc1,11.017495764846725,5.34,0.9356811789877002,1.7683260518016937
O=C1CNC(=O)c2ccccc2N1,8.757320746084952,4.21,0.5995646263870665,2.133605238574315
COc1ccccc1CC(=O)NCc1ccc(-c2ccccc2C#N)cc1,9.990136165890078,5.46,0.7234015023780695,1.874108210358731
Cc1cc(C(=O)O)nc(N2CCC[C@H](CO)C2)n1,9.533389696825756,4.34,0.8216741052989259,2.774961266142043
CCOc1ccc(S(=O)(=O)NC[C@H](O)c2ccc(-c3cccs3)cc2)cc1,9.1106100964693,5.6,0.5994294357421419,2.512470990799338
Cc1ccccc1C(=O)N(NC(=O)OCc1ccccc1)C(C)(C)C,10.1608403711047,4.62,0.8567285963089514,2.1239816709592514
CCc1ccc(CN(Cc2ccc(OC)c(OC)c2)S(=O)(=O)c2ccc(NC(C)=O)cc2)cc1,8.7456569564418,5.84,0.4559755950430022,2.085673562058643
CCOc1ccc(S(=O)(=O)Nc2cccc3ccccc23)cc1,10.508379065357143,5.93,0.7692680065533354,1.6677013114353691
NC(=O)c1cccc(C(=O)N[C@@H](c2ccccn2)C2CCC2)c1,10.508768066145832,5.68,0.8893213948572716,2.559952429692009
CC(=O)Nc1ccc(C(N)=O)cc1,9.716901227672263,4.43,0.7007341992947292,1.4099179917670668
CCC(=O)NS(=O)(=O)c1cccc(C)c1,10.458541423770958,5.17,0.8437951944347697,1.8618915803423803
CCC(=O)NS(=O)(=O)c1ccc(S(=O)(=O)NC(=O)c2ccccc2)cc1,10.556514253536246,6.7,0.7506026361864844,1.986959500297896
Cc1ccc(S(=O)(=O)c2ccccc2)cc1,10.443112893479633,5.11,0.7975109996418318,1.4292623215021791
Cc1oc2ccc(CCl)cc2c(=O)c1C(=O)c1ccccc1,8.956765443410456,5.43,0.5407670805412982,2.145468518477079
COc1ccc(S(=O)(=O)NC(C)=O)cc1,10.212469044173812,4.57,0.8197293461212614,1.6566846572654548
Cc1ccc(S(=O)(=O)Nc2ccccc2)cc1,10.990111835920793,5.1,0.9061288808931331,1.3737002356867103
Cc1ccc(S(=O)(=O)NC(=O)c2ccccc2C)cc1,11.141071396814375,5.39,0.9435135563417482,1.644613138048781
CC1(C)C(C(=O)Nc2ccccc2)C1(C)C,10.030280477530289,4.54,0.8086875674423731,1.8764122116120667
CCOc1ccccc1C,8.951963033982098,3.41,0.6062161233707782,1.22851442162057
CC(=O)c1ccc(S(=O)(=O)NC(=O)OC(C)C)cc1,10.47513376437191,5.29,0.8505356048921711,1.981444635832208
CC1CCN(c2ccc(CCc3ccc(C(=O)NS(=O)(=O)c4ccccc4)cc3)cc2)CC1,9.257462233934808,6.02,0.5463411134972531,2.0743283328475126
NC(=O)Cn1ccc(=O)c2ccccc21,9.678549324938167,4.3,0.7696120786065097,2.004228723199521
Cc1ccccc1[C@H]1C2=C(N=c3s/c(=C/c4ccccc4)c(=O)n31)c1ccccc1CC2,8.549976336795723,6.51,0.4530770215997903,2.92898756290613
Cc1ccc(NC(=O)c2ccccc2)cc1,10.751603510671949,5.33,0.8112788228538133,1.139752823174419
Cc1ccc(NC(=O)c2ccc(C)cc2)cc1,10.85549210957274,5.45,0.8315241302116477,1.2171694664559407
CC(S(=O)(=O)c1ccccc1)S(=O)(=O)c1ccccc1,10.730106060949948,5.68,0.8685602565569639,1.9580934447315244
Cc1ccc(S(=O)(=O)NC(=O)c2ccccc2C)cc1,11.325071396814376,5.85,0.9435135563417482,1.644613138048781
Cc1ccc(NC(=O)[C@H]2OCC(=O)N(C3CC3)[C@@H]2c2cccnc2)cc1,10.007140608064612,4.91,0.9184592691091684,3.185244781861365
Cc1cc(C)c(S(=O)(=O)NC(=O)c2ccc(C(=O)Nc3ccccc3C)cc2)c(C)c1,9.970339602769537,6.78,0.6240094878802197,2.0066986357290943
O=C1[C@H]2CC=CC[C@@H]2C(=O)N1c1n[nH]c(Cc2ccccc2)n1,9.24113049286646,5.85,0.6930644867476289,3.2979607066040435
Cc1ccccc1S(=O)(=O)Oc1ccccc1,10.207502952378972,5.0,0.7843587609244844,1.6701608126097869
CCC(=O)NS(=O)(=O)c1ccccc1,10.17694065100028,4.64,0.8110198127127587,1.697414593789304
Cc1cccc(NS(=O)(=O)c2ccccc2)c1,10.932257989766946,5.06,0.9061288808931331,1.452176197225171
Cc1ccccc1NS(=O)(=O)c1ccccc1,10.920334912843872,4.99,0.9061288808931331,1.4220319664559398
NC(=O)c1cc([C@H]2CC[C@H](NC(=O)c3cccs3)CC2)nc2ccccc12,10.083453662678451,6.24,0.7218937323549376,2.2705679736723408
Cc1[nH]c(C)c([C@@H]2[C@@H](c3ccccn3)NC(=S)N2C)c1I,7.752594976750594,4.38,0.5875099068839282,4.036473580547988
CC(C)(C)N(NC(=O)c1ccccc1)C(=O)c1ccccc1,10.32187492561063,4.62,0.8646691890523193,1.893507215950942
Cc1ccc(S(=O)(=O)NC(=O)N2CCn3nc4c(c3C2)CCC4)cc1,10.878843764233482,6.92,0.8814779198829434,2.725469221008712
Cc1cccc(NC(=O)Oc2ccccc2)c1,10.334808408764316,4.28,0.8506840407902172,1.488390600678862
Cc1ccc(C)c(S(=O)(=O)Nc2ccccc2)c1,10.980825404237809,5.13,0.9224151091127474,1.5601883490688362
Cc1ccc(C)c(NC(=O)c2ccccc2)c1,10.919656724957356,5.72,0.8315241302116477,1.2993608126097875
Cc1ccccc1C(=O)Nc1ccccc1C(N)=O,10.768103627630008,5.0,0.8820026118421075,1.497829204772703
Cc1ccc(NC(=O)c2cccc(C)c2)cc1,10.760024417265049,5.31,0.8315241302116477,1.2911713895328631
CCCc1cccc(Nc2nc3ccccc3n3c(C)nnc23)c1,9.242499170613929,5.41,0.610105868313911,2.2187668699240835
Cc1ccc(S(=O)(=O)S(=O)(=O)c2ccc(S(=O)(=O)C3CO3)cc2)cc1,8.721874443934041,5.97,0.5464965305179742,3.04245419228544
NS(=O)(=O)N1CCC(c2nc3ccc(N4CCOCC4)cn3n2)CC1,10.226056981899552,6.18,0.8162564530264785,2.807451236176643
Cc1cccc(S(=O)(=O)NC(=O)c2ccccc2)c1,11.216425557310489,5.66,0.932805045789208,1.6094474921457067
CC(=O)Nc1ccc(S(=O)(=O)Nc2cccc(C)c2)cc1,11.00226019578348,5.41,0.9116744240487404,1.6333319493446368
Cc1ccc(S(=O)(=O)Nc2ccc(CS(=O)(=O)c3ccccc3)cc2)cc1,9.972006240465376,5.85,0.6817687821365359,1.8259073383562416
CS(=O)(=O)NC(=O)c1ccc(C(=O)NNC(=O)c2ccccc2)cc1,10.10693515479123,6.16,0.6828466149281491,1.815116119119785
Cc1cccc(S(=O)(=O)Nc2ccc(NS(=O)(=O)c3ccccc3)cc2)c1,9.831312318887909,5.74,0.6589114621047926,1.8014925610283044
Cc1cc(C(N)=O)ccc1NC(=O)c1ccc(C)c(S(=O)(=O)Nc2ccccc2)c1,9.691119690849476,6.71,0.5625106895144014,1.9242467852868448
CC(=O)Nc1cc(S(=O)(=O)NC(=O)OC(C)C)ccc1NC(=O)c1cccc(C=O)c1,8.87272261060494,5.42,0.5524500396364911,2.4006954618441565
NC(=O)c1ccccc1C(=O)O,9.04518615011466,3.28,0.6684472453619383,1.516301176792453
CCS(=O)(=O)c1ccccc1,9.5166993823786,4.38,0.6733595881824134,1.5014249516818443
Cc1ccc(S(=O)(=O)S(=O)(=O)c2ccccc2)cc1,10.309695067579176,5.28,0.8139261643621268,1.9546572275481853
NC(=O)[C@@H](Sc1nnc2[nH]c3ccccc3n12)c1ccccc1,8.514992838255703,5.07,0.5648059823966469,2.92014226984038
